"","denoise_method","taxonomy_method","dataset","sampleid","n_unique_species","species_list"
"1","dada2","BLAST","marchamley","SRR11949833",1,"barbus_barbus"
"2","dada2","BLAST","marchamley","SRR11949841",1,"barbus_barbus"
"3","dada2","BLAST","marchamley","SRR11949846",1,"barbus_barbus"
"4","dada2","BLAST","marchamley","SRR11949859",1,"barbus_barbus"
"5","dada2","BLAST","marchamley","SRR11949890",1,"barbus_barbus"
"6","dada2","BLAST","marchamley","SRR11949900",1,"barbus_barbus"
"7","dada2","BLAST","marchamley","SRR11949904",1,"barbus_barbus"
"8","dada2","BLAST","marchamley","SRR11949909",1,"barbus_barbus"
"9","dada2","BLAST","marchamley","SRR11949910",1,"barbus_barbus"
"10","dada2","BLAST","marchamley","SRR11949914",1,"barbus_barbus"
"11","dada2","BLAST","marchamley","SRR11949915",1,"barbus_barbus"
"12","dada2","BLAST","marchamley","SRR11949925",1,"barbus_barbus"
"13","dada2","BLAST","ringtrial_sean","RR-RT13-AM914-E8_S373",2,"esox_lucius, salmo_salar"
"14","dada2","BLAST","ringtrial_sean","RT11-AM910-C2_S35",3,"esox_lucius, phoxinus_phoxinus, salmo_salar"
"15","dada2","BLAST","ringtrial_sean","RT17-AM926-A3_S41",1,"esox_lucius"
"16","dada2","BLAST","ringtrial_sean","RT2-AM890-B1_S314",2,"esox_lucius, phoxinus_phoxinus"
"17","dada2","BLAST","ringtrial_sean","RT20-AM936-D3_S44",2,"esox_lucius, phoxinus_phoxinus"
"18","dada2","BLAST","windermere_2017","WOF01",2,"anguilla_anguilla, esox_lucius"
"19","dada2","BLAST","windermere_2017","WOF02",1,"barbatula_barbatula"
"20","dada2","BLAST","windermere_2017","WOF04",1,"esox_lucius"
"21","dada2","BLAST","windermere_2017","WOF10",1,"phoxinus_phoxinus"
"22","dada2","BLAST","windermere_2017","WOF11",1,"phoxinus_phoxinus"
"23","dada2","BLAST","windermere_2017","WOF14",1,"barbatula_barbatula"
"24","dada2","BLAST","windermere_2017","WOF15",1,"barbatula_barbatula"
"25","dada2","BLAST","windermere_2017","WOF18",1,"anguilla_anguilla"
"26","dada2","BLAST","windermere_2017","WOF20",2,"anguilla_anguilla, esox_lucius"
"27","dada2","BLAST","windermere_2017","WOF22",2,"anguilla_anguilla, phoxinus_phoxinus"
"28","dada2","BLAST","windermere_2017","WOF23",2,"anguilla_anguilla, phoxinus_phoxinus"
"29","dada2","BLAST","windermere_2017","WOF24",1,"esox_lucius"
"30","dada2","BLAST","windermere_2017","WOF25",1,"esox_lucius"
"31","dada2","BLAST","windermere_2017","WOF28",2,"esox_lucius, phoxinus_phoxinus"
"32","dada2","BLAST","windermere_2017","WOF29",1,"anguilla_anguilla"
"33","dada2","BLAST","windermere_2017","WOF30",1,"phoxinus_phoxinus"
"34","dada2","BLAST","windermere_2017","WOF33",2,"esox_lucius, phoxinus_phoxinus"
"35","dada2","BLAST","windermere_2017","WOF34",1,"anguilla_anguilla"
"36","dada2","BLAST","windermere_2017","WOF35",1,"phoxinus_phoxinus"
"37","dada2","BLAST","windermere_2017","WOF36",1,"esox_lucius"
"38","dada2","BLAST","windermere_2017","WOF41",1,"phoxinus_phoxinus"
"39","dada2","BLAST","windermere_2017","WOF45",1,"anguilla_anguilla"
"40","dada2","BLAST","windermere_2017","WOF46",2,"anguilla_anguilla, phoxinus_phoxinus"
"41","dada2","BLAST","windermere_2017","WOF47",1,"esox_lucius"
"42","dada2","BLAST","windermere_2017","WSH01",1,"phoxinus_phoxinus"
"43","dada2","BLAST","windermere_2017","WSH02",1,"esox_lucius"
"44","dada2","BLAST","windermere_2017","WSH04F1",1,"phoxinus_phoxinus"
"45","dada2","BLAST","windermere_2017","WSH09",2,"esox_lucius, salmo_salar"
"46","dada2","BLAST","windermere_2017","WSH11F1",3,"anguilla_anguilla, phoxinus_phoxinus, salmo_salar"
"47","dada2","BLAST","windermere_2017","WSH15",1,"esox_lucius"
"48","dada2","BLAST","windermere_2017","WSH16",1,"phoxinus_phoxinus"
"49","dada2","BLAST","windermere_2017","WSH18F1",2,"esox_lucius, phoxinus_phoxinus"
"50","dada2","BLAST","windermere_2017","WSH19F1",3,"anguilla_anguilla, barbatula_barbatula, esox_lucius"
"51","dada2","BLAST","windermere_2017","WSH20",1,"barbatula_barbatula"
"52","dada2","BLAST","windermere_2017","WSH21",1,"barbatula_barbatula"
"53","dada2","BLAST","windermere_2017","WSH22",2,"anguilla_anguilla, esox_lucius"
"54","dada2","BLAST","windermere_2017","WSH23",1,"esox_lucius"
"55","dada2","BLAST","windermere_2017","WSH24",1,"barbatula_barbatula"
"56","dada2","BLAST","windermere_2017","WSH25",3,"anguilla_anguilla, barbatula_barbatula, esox_lucius"
"57","dada2","BLAST","windermere_2017","WSH26",1,"barbatula_barbatula"
"58","dada2","BLAST","windermere_2017","WSH27",2,"barbatula_barbatula, esox_lucius"
"59","dada2","BLAST","windermere_2017","WSH28F1",1,"anguilla_anguilla"
"60","dada2","BLAST","windermere_2017","WSH29F1",1,"barbatula_barbatula"
"61","dada2","BLAST","windermere_2017","WSH31F1",1,"barbatula_barbatula"
"62","dada2","BLAST","windermere_2017","WSH33",1,"anguilla_anguilla"
"63","dada2","BLAST","windermere_2017","WSH34F1",3,"anguilla_anguilla, esox_lucius, phoxinus_phoxinus"
"64","dada2","BLAST","windermere_2017","WSH35F1",3,"anguilla_anguilla, barbatula_barbatula, esox_lucius"
"65","dada2","BLAST","windermere_2017","WSH36",2,"anguilla_anguilla, phoxinus_phoxinus"
"66","dada2","BLAST","windermere_2017","WSH37",3,"anguilla_anguilla, barbatula_barbatula, esox_lucius"
"67","dada2","BLAST","windermere_2017","WSH38",3,"barbatula_barbatula, esox_lucius, phoxinus_phoxinus"
"68","dada2","BLAST","windermere_2017","WSH39",2,"phoxinus_phoxinus, salmo_salar"
"69","dada2","MAPseq","marchamley","SRR11949833",1,"barbus_barbus"
"70","dada2","MAPseq","marchamley","SRR11949841",1,"barbus_barbus"
"71","dada2","MAPseq","marchamley","SRR11949846",1,"barbus_barbus"
"72","dada2","MAPseq","marchamley","SRR11949859",1,"barbus_barbus"
"73","dada2","MAPseq","marchamley","SRR11949890",1,"barbus_barbus"
"74","dada2","MAPseq","marchamley","SRR11949900",1,"barbus_barbus"
"75","dada2","MAPseq","marchamley","SRR11949904",1,"barbus_barbus"
"76","dada2","MAPseq","marchamley","SRR11949909",1,"barbus_barbus"
"77","dada2","MAPseq","marchamley","SRR11949910",1,"barbus_barbus"
"78","dada2","MAPseq","marchamley","SRR11949914",1,"barbus_barbus"
"79","dada2","MAPseq","marchamley","SRR11949915",1,"barbus_barbus"
"80","dada2","MAPseq","marchamley","SRR11949925",1,"barbus_barbus"
"81","dada2","MAPseq","ringtrial_sean","RR-RT13-AM914-E8_S373",1,"esox_lucius"
"82","dada2","MAPseq","ringtrial_sean","RR-RT3-AM892-C7_S363",1,"gasterosteus_aculeatus"
"83","dada2","MAPseq","ringtrial_sean","RT11-AM910-C2_S35",3,"esox_lucius, gasterosteus_aculeatus, phoxinus_phoxinus"
"84","dada2","MAPseq","ringtrial_sean","RT17-AM926-A3_S41",1,"esox_lucius"
"85","dada2","MAPseq","ringtrial_sean","RT2-AM890-B1_S314",2,"esox_lucius, phoxinus_phoxinus"
"86","dada2","MAPseq","ringtrial_sean","RT20-AM936-D3_S44",2,"esox_lucius, phoxinus_phoxinus"
"87","dada2","MAPseq","windermere_2017","WOF01",2,"anguilla_anguilla, esox_lucius"
"88","dada2","MAPseq","windermere_2017","WOF02",1,"barbatula_barbatula"
"89","dada2","MAPseq","windermere_2017","WOF04",1,"esox_lucius"
"90","dada2","MAPseq","windermere_2017","WOF07",1,"gasterosteus_aculeatus"
"91","dada2","MAPseq","windermere_2017","WOF10",1,"phoxinus_phoxinus"
"92","dada2","MAPseq","windermere_2017","WOF11",2,"gasterosteus_aculeatus, phoxinus_phoxinus"
"93","dada2","MAPseq","windermere_2017","WOF14",1,"barbatula_barbatula"
"94","dada2","MAPseq","windermere_2017","WOF15",1,"barbatula_barbatula"
"95","dada2","MAPseq","windermere_2017","WOF18",2,"anguilla_anguilla, gasterosteus_aculeatus"
"96","dada2","MAPseq","windermere_2017","WOF20",2,"anguilla_anguilla, esox_lucius"
"97","dada2","MAPseq","windermere_2017","WOF21",1,"gasterosteus_aculeatus"
"98","dada2","MAPseq","windermere_2017","WOF22",3,"anguilla_anguilla, gasterosteus_aculeatus, phoxinus_phoxinus"
"99","dada2","MAPseq","windermere_2017","WOF23",2,"anguilla_anguilla, phoxinus_phoxinus"
"100","dada2","MAPseq","windermere_2017","WOF24",2,"esox_lucius, gasterosteus_aculeatus"
"101","dada2","MAPseq","windermere_2017","WOF25",1,"esox_lucius"
"102","dada2","MAPseq","windermere_2017","WOF26",1,"gasterosteus_aculeatus"
"103","dada2","MAPseq","windermere_2017","WOF27",1,"gasterosteus_aculeatus"
"104","dada2","MAPseq","windermere_2017","WOF28",3,"esox_lucius, gasterosteus_aculeatus, phoxinus_phoxinus"
"105","dada2","MAPseq","windermere_2017","WOF29",1,"anguilla_anguilla"
"106","dada2","MAPseq","windermere_2017","WOF30",1,"phoxinus_phoxinus"
"107","dada2","MAPseq","windermere_2017","WOF31",1,"gasterosteus_aculeatus"
"108","dada2","MAPseq","windermere_2017","WOF33",3,"esox_lucius, gasterosteus_aculeatus, phoxinus_phoxinus"
"109","dada2","MAPseq","windermere_2017","WOF34",2,"anguilla_anguilla, gasterosteus_aculeatus"
"110","dada2","MAPseq","windermere_2017","WOF35",2,"gasterosteus_aculeatus, phoxinus_phoxinus"
"111","dada2","MAPseq","windermere_2017","WOF36",1,"esox_lucius"
"112","dada2","MAPseq","windermere_2017","WOF39",1,"gasterosteus_aculeatus"
"113","dada2","MAPseq","windermere_2017","WOF40",1,"gasterosteus_aculeatus"
"114","dada2","MAPseq","windermere_2017","WOF41",2,"gasterosteus_aculeatus, phoxinus_phoxinus"
"115","dada2","MAPseq","windermere_2017","WOF43",1,"gasterosteus_aculeatus"
"116","dada2","MAPseq","windermere_2017","WOF44",1,"gasterosteus_aculeatus"
"117","dada2","MAPseq","windermere_2017","WOF45",1,"anguilla_anguilla"
"118","dada2","MAPseq","windermere_2017","WOF46",2,"anguilla_anguilla, phoxinus_phoxinus"
"119","dada2","MAPseq","windermere_2017","WOF47",1,"esox_lucius"
"120","dada2","MAPseq","windermere_2017","WOF50",1,"gasterosteus_aculeatus"
"121","dada2","MAPseq","windermere_2017","WSH01",1,"phoxinus_phoxinus"
"122","dada2","MAPseq","windermere_2017","WSH02",1,"esox_lucius"
"123","dada2","MAPseq","windermere_2017","WSH04F1",1,"phoxinus_phoxinus"
"124","dada2","MAPseq","windermere_2017","WSH09",2,"esox_lucius, gasterosteus_aculeatus"
"125","dada2","MAPseq","windermere_2017","WSH11F1",2,"anguilla_anguilla, phoxinus_phoxinus"
"126","dada2","MAPseq","windermere_2017","WSH13",1,"gasterosteus_aculeatus"
"127","dada2","MAPseq","windermere_2017","WSH15",1,"esox_lucius"
"128","dada2","MAPseq","windermere_2017","WSH16",1,"phoxinus_phoxinus"
"129","dada2","MAPseq","windermere_2017","WSH18F1",3,"esox_lucius, gasterosteus_aculeatus, phoxinus_phoxinus"
"130","dada2","MAPseq","windermere_2017","WSH19F1",3,"anguilla_anguilla, barbatula_barbatula, esox_lucius"
"131","dada2","MAPseq","windermere_2017","WSH20",1,"barbatula_barbatula"
"132","dada2","MAPseq","windermere_2017","WSH21",1,"barbatula_barbatula"
"133","dada2","MAPseq","windermere_2017","WSH22",2,"anguilla_anguilla, esox_lucius"
"134","dada2","MAPseq","windermere_2017","WSH23",1,"esox_lucius"
"135","dada2","MAPseq","windermere_2017","WSH24",1,"barbatula_barbatula"
"136","dada2","MAPseq","windermere_2017","WSH25",3,"anguilla_anguilla, barbatula_barbatula, esox_lucius"
"137","dada2","MAPseq","windermere_2017","WSH26",1,"barbatula_barbatula"
"138","dada2","MAPseq","windermere_2017","WSH27",2,"barbatula_barbatula, esox_lucius"
"139","dada2","MAPseq","windermere_2017","WSH28F1",2,"anguilla_anguilla, gasterosteus_aculeatus"
"140","dada2","MAPseq","windermere_2017","WSH29F1",1,"barbatula_barbatula"
"141","dada2","MAPseq","windermere_2017","WSH31F1",1,"barbatula_barbatula"
"142","dada2","MAPseq","windermere_2017","WSH33",1,"anguilla_anguilla"
"143","dada2","MAPseq","windermere_2017","WSH34F1",4,"anguilla_anguilla, esox_lucius, gasterosteus_aculeatus, phoxinus_phoxinus"
"144","dada2","MAPseq","windermere_2017","WSH35F1",3,"anguilla_anguilla, barbatula_barbatula, esox_lucius"
"145","dada2","MAPseq","windermere_2017","WSH36",2,"anguilla_anguilla, phoxinus_phoxinus"
"146","dada2","MAPseq","windermere_2017","WSH37",3,"anguilla_anguilla, barbatula_barbatula, esox_lucius"
"147","dada2","MAPseq","windermere_2017","WSH38",3,"barbatula_barbatula, esox_lucius, phoxinus_phoxinus"
"148","dada2","MAPseq","windermere_2017","WSH39",1,"phoxinus_phoxinus"
"149","dada2","RDP","marchamley","SRR11949830",1,"squalius_cephalus"
"150","dada2","RDP","marchamley","SRR11949831",2,"abramis_brama, rutilus_rutilus"
"151","dada2","RDP","marchamley","SRR11949833",2,"abramis_brama, barbus_barbus"
"152","dada2","RDP","marchamley","SRR11949837",1,"rutilus_rutilus"
"153","dada2","RDP","marchamley","SRR11949841",1,"barbus_barbus"
"154","dada2","RDP","marchamley","SRR11949846",1,"barbus_barbus"
"155","dada2","RDP","marchamley","SRR11949849",1,"rutilus_rutilus"
"156","dada2","RDP","marchamley","SRR11949856",1,"cyprinus_carpio"
"157","dada2","RDP","marchamley","SRR11949859",1,"barbus_barbus"
"158","dada2","RDP","marchamley","SRR11949862",1,"squalius_cephalus"
"159","dada2","RDP","marchamley","SRR11949865",1,"squalius_cephalus"
"160","dada2","RDP","marchamley","SRR11949883",1,"abramis_brama"
"161","dada2","RDP","marchamley","SRR11949884",1,"rutilus_rutilus"
"162","dada2","RDP","marchamley","SRR11949886",1,"squalius_cephalus"
"163","dada2","RDP","marchamley","SRR11949887",1,"squalius_cephalus"
"164","dada2","RDP","marchamley","SRR11949890",1,"barbus_barbus"
"165","dada2","RDP","marchamley","SRR11949891",1,"squalius_cephalus"
"166","dada2","RDP","marchamley","SRR11949892",3,"abramis_brama, cyprinus_carpio, rutilus_rutilus"
"167","dada2","RDP","marchamley","SRR11949898",2,"abramis_brama, cyprinus_carpio"
"168","dada2","RDP","marchamley","SRR11949899",1,"cyprinus_carpio"
"169","dada2","RDP","marchamley","SRR11949900",1,"barbus_barbus"
"170","dada2","RDP","marchamley","SRR11949901",1,"rutilus_rutilus"
"171","dada2","RDP","marchamley","SRR11949904",2,"barbus_barbus, squalius_cephalus"
"172","dada2","RDP","marchamley","SRR11949905",2,"abramis_brama, cyprinus_carpio"
"173","dada2","RDP","marchamley","SRR11949906",4,"abramis_brama, cyprinus_carpio, rutilus_rutilus, squalius_cephalus"
"174","dada2","RDP","marchamley","SRR11949907",1,"rutilus_rutilus"
"175","dada2","RDP","marchamley","SRR11949908",1,"squalius_cephalus"
"176","dada2","RDP","marchamley","SRR11949909",1,"barbus_barbus"
"177","dada2","RDP","marchamley","SRR11949910",2,"barbus_barbus, rutilus_rutilus"
"178","dada2","RDP","marchamley","SRR11949911",2,"abramis_brama, cyprinus_carpio"
"179","dada2","RDP","marchamley","SRR11949912",1,"rutilus_rutilus"
"180","dada2","RDP","marchamley","SRR11949913",1,"rutilus_rutilus"
"181","dada2","RDP","marchamley","SRR11949914",1,"barbus_barbus"
"182","dada2","RDP","marchamley","SRR11949915",1,"barbus_barbus"
"183","dada2","RDP","marchamley","SRR11949917",2,"cyprinus_carpio, rutilus_rutilus"
"184","dada2","RDP","marchamley","SRR11949919",1,"rutilus_rutilus"
"185","dada2","RDP","marchamley","SRR11949922",1,"rutilus_rutilus"
"186","dada2","RDP","marchamley","SRR11949925",1,"barbus_barbus"
"187","dada2","RDP","marchamley","SRR11949926",1,"cyprinus_carpio"
"188","dada2","RDP","ringtrial_sean","RR-RT13-AM914-E8_S373",3,"esox_lucius, gasterosteus_aculeatus, salmo_salar"
"189","dada2","RDP","ringtrial_sean","RR-RT15-AM919-G8_S375",1,"salmo_trutta"
"190","dada2","RDP","ringtrial_sean","RR-RT3-AM892-C7_S363",1,"gasterosteus_aculeatus"
"191","dada2","RDP","ringtrial_sean","RR-RT5-AM896-E7_S365",1,"salmo_trutta"
"192","dada2","RDP","ringtrial_sean","RT10-AM908-B2_S34",2,"gasterosteus_aculeatus, salmo_trutta"
"193","dada2","RDP","ringtrial_sean","RT11-AM910-C2_S35",5,"esox_lucius, gasterosteus_aculeatus, phoxinus_phoxinus, salmo_salar, salmo_trutta"
"194","dada2","RDP","ringtrial_sean","RT17-AM926-A3_S41",2,"esox_lucius, gasterosteus_aculeatus"
"195","dada2","RDP","ringtrial_sean","RT19-AM933-C3_S43",1,"rutilus_rutilus"
"196","dada2","RDP","ringtrial_sean","RT2-AM890-B1_S314",3,"esox_lucius, phoxinus_phoxinus, salmo_trutta"
"197","dada2","RDP","ringtrial_sean","RT20-AM936-D3_S44",2,"esox_lucius, phoxinus_phoxinus"
"198","dada2","RDP","windermere_2017","WOF01",2,"anguilla_anguilla, esox_lucius"
"199","dada2","RDP","windermere_2017","WOF02",4,"barbatula_barbatula, cottus_gobio, gasterosteus_aculeatus, salmo_trutta"
"200","dada2","RDP","windermere_2017","WOF03",1,"cottus_gobio"
"201","dada2","RDP","windermere_2017","WOF04",3,"esox_lucius, rutilus_rutilus, salmo_trutta"
"202","dada2","RDP","windermere_2017","WOF05",1,"abramis_brama"
"203","dada2","RDP","windermere_2017","WOF07",2,"cottus_gobio, gasterosteus_aculeatus"
"204","dada2","RDP","windermere_2017","WOF09",1,"rutilus_rutilus"
"205","dada2","RDP","windermere_2017","WOF10",1,"phoxinus_phoxinus"
"206","dada2","RDP","windermere_2017","WOF11",2,"gasterosteus_aculeatus, phoxinus_phoxinus"
"207","dada2","RDP","windermere_2017","WOF14",2,"barbatula_barbatula, cottus_gobio"
"208","dada2","RDP","windermere_2017","WOF15",2,"barbatula_barbatula, cottus_gobio"
"209","dada2","RDP","windermere_2017","WOF17",2,"gasterosteus_aculeatus, salmo_trutta"
"210","dada2","RDP","windermere_2017","WOF18",1,"anguilla_anguilla"
"211","dada2","RDP","windermere_2017","WOF20",4,"anguilla_anguilla, cottus_gobio, esox_lucius, gasterosteus_aculeatus"
"212","dada2","RDP","windermere_2017","WOF21",5,"abramis_brama, cottus_gobio, gasterosteus_aculeatus, rutilus_rutilus, salmo_trutta"
"213","dada2","RDP","windermere_2017","WOF22",4,"anguilla_anguilla, gasterosteus_aculeatus, phoxinus_phoxinus, salmo_trutta"
"214","dada2","RDP","windermere_2017","WOF23",4,"abramis_brama, anguilla_anguilla, phoxinus_phoxinus, salmo_trutta"
"215","dada2","RDP","windermere_2017","WOF24",3,"esox_lucius, gasterosteus_aculeatus, rutilus_rutilus"
"216","dada2","RDP","windermere_2017","WOF25",1,"esox_lucius"
"217","dada2","RDP","windermere_2017","WOF26",1,"gasterosteus_aculeatus"
"218","dada2","RDP","windermere_2017","WOF27",1,"gasterosteus_aculeatus"
"219","dada2","RDP","windermere_2017","WOF28",5,"esox_lucius, gasterosteus_aculeatus, phoxinus_phoxinus, rutilus_rutilus, salmo_trutta"
"220","dada2","RDP","windermere_2017","WOF29",2,"anguilla_anguilla, gasterosteus_aculeatus"
"221","dada2","RDP","windermere_2017","WOF30",3,"abramis_brama, gasterosteus_aculeatus, phoxinus_phoxinus"
"222","dada2","RDP","windermere_2017","WOF31",1,"gasterosteus_aculeatus"
"223","dada2","RDP","windermere_2017","WOF33",5,"cottus_gobio, esox_lucius, gasterosteus_aculeatus, phoxinus_phoxinus, salmo_trutta"
"224","dada2","RDP","windermere_2017","WOF34",3,"abramis_brama, anguilla_anguilla, gasterosteus_aculeatus"
"225","dada2","RDP","windermere_2017","WOF35",2,"gasterosteus_aculeatus, phoxinus_phoxinus"
"226","dada2","RDP","windermere_2017","WOF36",2,"esox_lucius, gasterosteus_aculeatus"
"227","dada2","RDP","windermere_2017","WOF37",1,"gasterosteus_aculeatus"
"228","dada2","RDP","windermere_2017","WOF39",2,"gasterosteus_aculeatus, salmo_trutta"
"229","dada2","RDP","windermere_2017","WOF40",1,"gasterosteus_aculeatus"
"230","dada2","RDP","windermere_2017","WOF41",3,"cottus_gobio, gasterosteus_aculeatus, phoxinus_phoxinus"
"231","dada2","RDP","windermere_2017","WOF43",1,"gasterosteus_aculeatus"
"232","dada2","RDP","windermere_2017","WOF44",1,"gasterosteus_aculeatus"
"233","dada2","RDP","windermere_2017","WOF45",2,"abramis_brama, anguilla_anguilla"
"234","dada2","RDP","windermere_2017","WOF46",4,"abramis_brama, anguilla_anguilla, phoxinus_phoxinus, rutilus_rutilus"
"235","dada2","RDP","windermere_2017","WOF47",5,"abramis_brama, cottus_gobio, esox_lucius, gasterosteus_aculeatus, rutilus_rutilus"
"236","dada2","RDP","windermere_2017","WOF48",1,"cottus_gobio"
"237","dada2","RDP","windermere_2017","WOF49",2,"abramis_brama, gasterosteus_aculeatus"
"238","dada2","RDP","windermere_2017","WOF50",3,"abramis_brama, cottus_gobio, gasterosteus_aculeatus"
"239","dada2","RDP","windermere_2017","WSH01",1,"phoxinus_phoxinus"
"240","dada2","RDP","windermere_2017","WSH02",3,"abramis_brama, cottus_gobio, esox_lucius"
"241","dada2","RDP","windermere_2017","WSH03",1,"abramis_brama"
"242","dada2","RDP","windermere_2017","WSH04F1",2,"cottus_gobio, phoxinus_phoxinus"
"243","dada2","RDP","windermere_2017","WSH05",1,"cottus_gobio"
"244","dada2","RDP","windermere_2017","WSH07",2,"cottus_gobio, salmo_trutta"
"245","dada2","RDP","windermere_2017","WSH08F1",1,"abramis_brama"
"246","dada2","RDP","windermere_2017","WSH09",4,"abramis_brama, esox_lucius, gasterosteus_aculeatus, salmo_salar"
"247","dada2","RDP","windermere_2017","WSH11F1",4,"anguilla_anguilla, phoxinus_phoxinus, salmo_salar, salmo_trutta"
"248","dada2","RDP","windermere_2017","WSH13",2,"cottus_gobio, gasterosteus_aculeatus"
"249","dada2","RDP","windermere_2017","WSH15",1,"esox_lucius"
"250","dada2","RDP","windermere_2017","WSH16",1,"phoxinus_phoxinus"
"251","dada2","RDP","windermere_2017","WSH17F1",3,"abramis_brama, cottus_gobio, salmo_trutta"
"252","dada2","RDP","windermere_2017","WSH18F1",4,"cottus_gobio, esox_lucius, gasterosteus_aculeatus, phoxinus_phoxinus"
"253","dada2","RDP","windermere_2017","WSH19F1",5,"anguilla_anguilla, barbatula_barbatula, cottus_gobio, esox_lucius, rutilus_rutilus"
"254","dada2","RDP","windermere_2017","WSH20",1,"barbatula_barbatula"
"255","dada2","RDP","windermere_2017","WSH21",5,"abramis_brama, barbatula_barbatula, cottus_gobio, rutilus_rutilus, salmo_trutta"
"256","dada2","RDP","windermere_2017","WSH22",3,"abramis_brama, anguilla_anguilla, esox_lucius"
"257","dada2","RDP","windermere_2017","WSH23",3,"esox_lucius, rutilus_rutilus, salmo_trutta"
"258","dada2","RDP","windermere_2017","WSH24",3,"barbatula_barbatula, rutilus_rutilus, salmo_trutta"
"259","dada2","RDP","windermere_2017","WSH25",3,"anguilla_anguilla, barbatula_barbatula, esox_lucius"
"260","dada2","RDP","windermere_2017","WSH26",2,"barbatula_barbatula, salmo_trutta"
"261","dada2","RDP","windermere_2017","WSH27",2,"barbatula_barbatula, esox_lucius"
"262","dada2","RDP","windermere_2017","WSH28F1",2,"anguilla_anguilla, gasterosteus_aculeatus"
"263","dada2","RDP","windermere_2017","WSH29F1",1,"barbatula_barbatula"
"264","dada2","RDP","windermere_2017","WSH31F1",3,"barbatula_barbatula, cottus_gobio, rutilus_rutilus"
"265","dada2","RDP","windermere_2017","WSH32F1",1,"abramis_brama"
"266","dada2","RDP","windermere_2017","WSH33",3,"anguilla_anguilla, cottus_gobio, salmo_trutta"
"267","dada2","RDP","windermere_2017","WSH34F1",8,"abramis_brama, anguilla_anguilla, cottus_gobio, esox_lucius, gasterosteus_aculeatus, phoxinus_phoxinus, rutilus_rutilus, salmo_trutta"
"268","dada2","RDP","windermere_2017","WSH35F1",6,"abramis_brama, anguilla_anguilla, barbatula_barbatula, cottus_gobio, esox_lucius, salmo_trutta"
"269","dada2","RDP","windermere_2017","WSH36",5,"abramis_brama, anguilla_anguilla, cottus_gobio, phoxinus_phoxinus, salmo_trutta"
"270","dada2","RDP","windermere_2017","WSH37",6,"abramis_brama, anguilla_anguilla, barbatula_barbatula, cottus_gobio, esox_lucius, salmo_trutta"
"271","dada2","RDP","windermere_2017","WSH38",3,"barbatula_barbatula, esox_lucius, phoxinus_phoxinus"
"272","dada2","RDP","windermere_2017","WSH39",3,"phoxinus_phoxinus, salmo_salar, salmo_trutta"
"273","dada2","RDP","windermere_2017","WSH40F1",1,"cottus_gobio"
"274","dada2","VSEARCH","marchamley","SRR11949831",4,"abramis_brama, carassius_carassius, rutilus_rutilus, tinca_tinca"
"275","dada2","VSEARCH","marchamley","SRR11949833",4,"abramis_brama, barbus_barbus, carassius_carassius, tinca_tinca"
"276","dada2","VSEARCH","marchamley","SRR11949836",1,"tinca_tinca"
"277","dada2","VSEARCH","marchamley","SRR11949839",1,"ctenopharyngodon_idella"
"278","dada2","VSEARCH","marchamley","SRR11949841",1,"barbus_barbus"
"279","dada2","VSEARCH","marchamley","SRR11949842",2,"ctenopharyngodon_idella, scardinius_erythrophthalmus"
"280","dada2","VSEARCH","marchamley","SRR11949845",1,"scardinius_erythrophthalmus"
"281","dada2","VSEARCH","marchamley","SRR11949846",1,"barbus_barbus"
"282","dada2","VSEARCH","marchamley","SRR11949848",1,"ctenopharyngodon_idella"
"283","dada2","VSEARCH","marchamley","SRR11949849",1,"rutilus_rutilus"
"284","dada2","VSEARCH","marchamley","SRR11949852",1,"scardinius_erythrophthalmus"
"285","dada2","VSEARCH","marchamley","SRR11949859",1,"barbus_barbus"
"286","dada2","VSEARCH","marchamley","SRR11949868",1,"scardinius_erythrophthalmus"
"287","dada2","VSEARCH","marchamley","SRR11949870",1,"scardinius_erythrophthalmus"
"288","dada2","VSEARCH","marchamley","SRR11949879",1,"scardinius_erythrophthalmus"
"289","dada2","VSEARCH","marchamley","SRR11949883",1,"abramis_brama"
"290","dada2","VSEARCH","marchamley","SRR11949884",1,"rutilus_rutilus"
"291","dada2","VSEARCH","marchamley","SRR11949886",1,"scardinius_erythrophthalmus"
"292","dada2","VSEARCH","marchamley","SRR11949890",1,"barbus_barbus"
"293","dada2","VSEARCH","marchamley","SRR11949891",1,"scardinius_erythrophthalmus"
"294","dada2","VSEARCH","marchamley","SRR11949892",2,"abramis_brama, rutilus_rutilus"
"295","dada2","VSEARCH","marchamley","SRR11949896",2,"carassius_carassius, tinca_tinca"
"296","dada2","VSEARCH","marchamley","SRR11949898",3,"abramis_brama, carassius_carassius, tinca_tinca"
"297","dada2","VSEARCH","marchamley","SRR11949899",2,"carassius_carassius, tinca_tinca"
"298","dada2","VSEARCH","marchamley","SRR11949900",1,"barbus_barbus"
"299","dada2","VSEARCH","marchamley","SRR11949901",3,"carassius_carassius, rutilus_rutilus, tinca_tinca"
"300","dada2","VSEARCH","marchamley","SRR11949904",1,"barbus_barbus"
"301","dada2","VSEARCH","marchamley","SRR11949905",2,"abramis_brama, tinca_tinca"
"302","dada2","VSEARCH","marchamley","SRR11949906",4,"abramis_brama, carassius_carassius, rutilus_rutilus, tinca_tinca"
"303","dada2","VSEARCH","marchamley","SRR11949909",1,"barbus_barbus"
"304","dada2","VSEARCH","marchamley","SRR11949910",2,"barbus_barbus, rutilus_rutilus"
"305","dada2","VSEARCH","marchamley","SRR11949911",3,"abramis_brama, carassius_carassius, tinca_tinca"
"306","dada2","VSEARCH","marchamley","SRR11949913",1,"rutilus_rutilus"
"307","dada2","VSEARCH","marchamley","SRR11949914",1,"barbus_barbus"
"308","dada2","VSEARCH","marchamley","SRR11949915",1,"barbus_barbus"
"309","dada2","VSEARCH","marchamley","SRR11949917",2,"rutilus_rutilus, tinca_tinca"
"310","dada2","VSEARCH","marchamley","SRR11949919",1,"rutilus_rutilus"
"311","dada2","VSEARCH","marchamley","SRR11949923",1,"scardinius_erythrophthalmus"
"312","dada2","VSEARCH","marchamley","SRR11949925",1,"barbus_barbus"
"313","dada2","VSEARCH","marchamley","SRR11949928",1,"carassius_carassius"
"314","dada2","VSEARCH","ringtrial_sean","RR-RT13-AM914-E8_S373",2,"esox_lucius, salmo_salar"
"315","dada2","VSEARCH","ringtrial_sean","RR-RT15-AM919-G8_S375",1,"salmo_trutta"
"316","dada2","VSEARCH","ringtrial_sean","RR-RT3-AM892-C7_S363",1,"gasterosteus_aculeatus"
"317","dada2","VSEARCH","ringtrial_sean","RR-RT5-AM896-E7_S365",1,"salmo_trutta"
"318","dada2","VSEARCH","ringtrial_sean","RT10-AM908-B2_S34",1,"salmo_trutta"
"319","dada2","VSEARCH","ringtrial_sean","RT11-AM910-C2_S35",5,"esox_lucius, gasterosteus_aculeatus, phoxinus_phoxinus, salmo_salar, salmo_trutta"
"320","dada2","VSEARCH","ringtrial_sean","RT17-AM926-A3_S41",1,"esox_lucius"
"321","dada2","VSEARCH","ringtrial_sean","RT19-AM933-C3_S43",1,"rutilus_rutilus"
"322","dada2","VSEARCH","ringtrial_sean","RT2-AM890-B1_S314",3,"esox_lucius, phoxinus_phoxinus, salmo_trutta"
"323","dada2","VSEARCH","ringtrial_sean","RT20-AM936-D3_S44",2,"esox_lucius, phoxinus_phoxinus"
"324","dada2","VSEARCH","windermere_2017","WOF01",2,"anguilla_anguilla, esox_lucius"
"325","dada2","VSEARCH","windermere_2017","WOF02",3,"barbatula_barbatula, cottus_gobio, salmo_trutta"
"326","dada2","VSEARCH","windermere_2017","WOF04",3,"esox_lucius, rutilus_rutilus, salmo_trutta"
"327","dada2","VSEARCH","windermere_2017","WOF05",1,"abramis_brama"
"328","dada2","VSEARCH","windermere_2017","WOF07",1,"gasterosteus_aculeatus"
"329","dada2","VSEARCH","windermere_2017","WOF09",1,"rutilus_rutilus"
"330","dada2","VSEARCH","windermere_2017","WOF10",2,"cottus_gobio, phoxinus_phoxinus"
"331","dada2","VSEARCH","windermere_2017","WOF11",3,"cottus_gobio, gasterosteus_aculeatus, phoxinus_phoxinus"
"332","dada2","VSEARCH","windermere_2017","WOF13",1,"cottus_gobio"
"333","dada2","VSEARCH","windermere_2017","WOF14",1,"barbatula_barbatula"
"334","dada2","VSEARCH","windermere_2017","WOF15",1,"barbatula_barbatula"
"335","dada2","VSEARCH","windermere_2017","WOF17",1,"salmo_trutta"
"336","dada2","VSEARCH","windermere_2017","WOF18",3,"anguilla_anguilla, cottus_gobio, gasterosteus_aculeatus"
"337","dada2","VSEARCH","windermere_2017","WOF20",3,"anguilla_anguilla, cottus_gobio, esox_lucius"
"338","dada2","VSEARCH","windermere_2017","WOF21",5,"abramis_brama, cottus_gobio, gasterosteus_aculeatus, rutilus_rutilus, salmo_trutta"
"339","dada2","VSEARCH","windermere_2017","WOF22",4,"anguilla_anguilla, gasterosteus_aculeatus, phoxinus_phoxinus, salmo_trutta"
"340","dada2","VSEARCH","windermere_2017","WOF23",5,"abramis_brama, anguilla_anguilla, cottus_gobio, phoxinus_phoxinus, salmo_trutta"
"341","dada2","VSEARCH","windermere_2017","WOF24",4,"cottus_gobio, esox_lucius, gasterosteus_aculeatus, rutilus_rutilus"
"342","dada2","VSEARCH","windermere_2017","WOF25",1,"esox_lucius"
"343","dada2","VSEARCH","windermere_2017","WOF26",2,"cottus_gobio, gasterosteus_aculeatus"
"344","dada2","VSEARCH","windermere_2017","WOF27",2,"cottus_gobio, gasterosteus_aculeatus"
"345","dada2","VSEARCH","windermere_2017","WOF28",5,"esox_lucius, gasterosteus_aculeatus, phoxinus_phoxinus, rutilus_rutilus, salmo_trutta"
"346","dada2","VSEARCH","windermere_2017","WOF29",2,"anguilla_anguilla, cottus_gobio"
"347","dada2","VSEARCH","windermere_2017","WOF30",2,"abramis_brama, phoxinus_phoxinus"
"348","dada2","VSEARCH","windermere_2017","WOF31",2,"cottus_gobio, gasterosteus_aculeatus"
"349","dada2","VSEARCH","windermere_2017","WOF33",5,"cottus_gobio, esox_lucius, gasterosteus_aculeatus, phoxinus_phoxinus, salmo_trutta"
"350","dada2","VSEARCH","windermere_2017","WOF34",4,"abramis_brama, anguilla_anguilla, cottus_gobio, gasterosteus_aculeatus"
"351","dada2","VSEARCH","windermere_2017","WOF35",3,"cottus_gobio, gasterosteus_aculeatus, phoxinus_phoxinus"
"352","dada2","VSEARCH","windermere_2017","WOF36",2,"cottus_gobio, esox_lucius"
"353","dada2","VSEARCH","windermere_2017","WOF39",3,"cottus_gobio, gasterosteus_aculeatus, salmo_trutta"
"354","dada2","VSEARCH","windermere_2017","WOF40",1,"gasterosteus_aculeatus"
"355","dada2","VSEARCH","windermere_2017","WOF41",2,"gasterosteus_aculeatus, phoxinus_phoxinus"
"356","dada2","VSEARCH","windermere_2017","WOF42",1,"cottus_gobio"
"357","dada2","VSEARCH","windermere_2017","WOF43",1,"gasterosteus_aculeatus"
"358","dada2","VSEARCH","windermere_2017","WOF44",2,"cottus_gobio, gasterosteus_aculeatus"
"359","dada2","VSEARCH","windermere_2017","WOF45",2,"abramis_brama, anguilla_anguilla"
"360","dada2","VSEARCH","windermere_2017","WOF46",4,"abramis_brama, anguilla_anguilla, phoxinus_phoxinus, rutilus_rutilus"
"361","dada2","VSEARCH","windermere_2017","WOF47",4,"abramis_brama, cottus_gobio, esox_lucius, rutilus_rutilus"
"362","dada2","VSEARCH","windermere_2017","WOF48",1,"cottus_gobio"
"363","dada2","VSEARCH","windermere_2017","WOF49",1,"abramis_brama"
"364","dada2","VSEARCH","windermere_2017","WOF50",2,"abramis_brama, gasterosteus_aculeatus"
"365","dada2","VSEARCH","windermere_2017","WSH01",1,"phoxinus_phoxinus"
"366","dada2","VSEARCH","windermere_2017","WSH02",2,"abramis_brama, esox_lucius"
"367","dada2","VSEARCH","windermere_2017","WSH03",2,"abramis_brama, cottus_gobio"
"368","dada2","VSEARCH","windermere_2017","WSH04F1",1,"phoxinus_phoxinus"
"369","dada2","VSEARCH","windermere_2017","WSH07",1,"salmo_trutta"
"370","dada2","VSEARCH","windermere_2017","WSH08F1",1,"abramis_brama"
"371","dada2","VSEARCH","windermere_2017","WSH09",4,"abramis_brama, esox_lucius, gasterosteus_aculeatus, salmo_salar"
"372","dada2","VSEARCH","windermere_2017","WSH11F1",4,"anguilla_anguilla, phoxinus_phoxinus, salmo_salar, salmo_trutta"
"373","dada2","VSEARCH","windermere_2017","WSH13",1,"gasterosteus_aculeatus"
"374","dada2","VSEARCH","windermere_2017","WSH15",1,"esox_lucius"
"375","dada2","VSEARCH","windermere_2017","WSH16",1,"phoxinus_phoxinus"
"376","dada2","VSEARCH","windermere_2017","WSH17F1",3,"abramis_brama, cottus_gobio, salmo_trutta"
"377","dada2","VSEARCH","windermere_2017","WSH18F1",4,"cottus_gobio, esox_lucius, gasterosteus_aculeatus, phoxinus_phoxinus"
"378","dada2","VSEARCH","windermere_2017","WSH19F1",5,"anguilla_anguilla, barbatula_barbatula, cottus_gobio, esox_lucius, rutilus_rutilus"
"379","dada2","VSEARCH","windermere_2017","WSH20",1,"barbatula_barbatula"
"380","dada2","VSEARCH","windermere_2017","WSH21",5,"abramis_brama, barbatula_barbatula, cottus_gobio, rutilus_rutilus, salmo_trutta"
"381","dada2","VSEARCH","windermere_2017","WSH22",3,"abramis_brama, anguilla_anguilla, esox_lucius"
"382","dada2","VSEARCH","windermere_2017","WSH23",2,"esox_lucius, salmo_trutta"
"383","dada2","VSEARCH","windermere_2017","WSH24",3,"barbatula_barbatula, rutilus_rutilus, salmo_trutta"
"384","dada2","VSEARCH","windermere_2017","WSH25",3,"anguilla_anguilla, barbatula_barbatula, esox_lucius"
"385","dada2","VSEARCH","windermere_2017","WSH26",2,"barbatula_barbatula, salmo_trutta"
"386","dada2","VSEARCH","windermere_2017","WSH27",2,"barbatula_barbatula, esox_lucius"
"387","dada2","VSEARCH","windermere_2017","WSH28F1",2,"anguilla_anguilla, gasterosteus_aculeatus"
"388","dada2","VSEARCH","windermere_2017","WSH29F1",1,"barbatula_barbatula"
"389","dada2","VSEARCH","windermere_2017","WSH31F1",2,"barbatula_barbatula, rutilus_rutilus"
"390","dada2","VSEARCH","windermere_2017","WSH32F1",1,"abramis_brama"
"391","dada2","VSEARCH","windermere_2017","WSH33",2,"anguilla_anguilla, salmo_trutta"
"392","dada2","VSEARCH","windermere_2017","WSH34F1",8,"abramis_brama, anguilla_anguilla, cottus_gobio, esox_lucius, gasterosteus_aculeatus, phoxinus_phoxinus, rutilus_rutilus, salmo_trutta"
"393","dada2","VSEARCH","windermere_2017","WSH35F1",6,"abramis_brama, anguilla_anguilla, barbatula_barbatula, cottus_gobio, esox_lucius, salmo_trutta"
"394","dada2","VSEARCH","windermere_2017","WSH36",4,"abramis_brama, anguilla_anguilla, cottus_gobio, phoxinus_phoxinus"
"395","dada2","VSEARCH","windermere_2017","WSH37",6,"abramis_brama, anguilla_anguilla, barbatula_barbatula, cottus_gobio, esox_lucius, salmo_trutta"
"396","dada2","VSEARCH","windermere_2017","WSH38",3,"barbatula_barbatula, esox_lucius, phoxinus_phoxinus"
"397","dada2","VSEARCH","windermere_2017","WSH39",4,"cottus_gobio, phoxinus_phoxinus, salmo_salar, salmo_trutta"
"398","metabeat","BLAST","marchamley","SRR11949830",1,"tinca_tinca"
"399","metabeat","BLAST","marchamley","SRR11949832",1,"tinca_tinca"
"400","metabeat","BLAST","marchamley","SRR11949841",1,"barbus_barbus"
"401","metabeat","BLAST","marchamley","SRR11949843",2,"carassius_carassius, tinca_tinca"
"402","metabeat","BLAST","marchamley","SRR11949845",1,"tinca_tinca"
"403","metabeat","BLAST","marchamley","SRR11949846",1,"barbus_barbus"
"404","metabeat","BLAST","marchamley","SRR11949852",1,"tinca_tinca"
"405","metabeat","BLAST","marchamley","SRR11949862",1,"tinca_tinca"
"406","metabeat","BLAST","marchamley","SRR11949863",1,"tinca_tinca"
"407","metabeat","BLAST","marchamley","SRR11949864",1,"tinca_tinca"
"408","metabeat","BLAST","marchamley","SRR11949865",2,"carassius_carassius, tinca_tinca"
"409","metabeat","BLAST","marchamley","SRR11949866",1,"tinca_tinca"
"410","metabeat","BLAST","marchamley","SRR11949867",1,"tinca_tinca"
"411","metabeat","BLAST","marchamley","SRR11949868",2,"carassius_carassius, tinca_tinca"
"412","metabeat","BLAST","marchamley","SRR11949870",1,"tinca_tinca"
"413","metabeat","BLAST","marchamley","SRR11949873",1,"tinca_tinca"
"414","metabeat","BLAST","marchamley","SRR11949874",1,"tinca_tinca"
"415","metabeat","BLAST","marchamley","SRR11949877",1,"tinca_tinca"
"416","metabeat","BLAST","marchamley","SRR11949878",1,"tinca_tinca"
"417","metabeat","BLAST","marchamley","SRR11949879",1,"tinca_tinca"
"418","metabeat","BLAST","marchamley","SRR11949886",2,"carassius_carassius, tinca_tinca"
"419","metabeat","BLAST","marchamley","SRR11949887",1,"tinca_tinca"
"420","metabeat","BLAST","marchamley","SRR11949891",1,"tinca_tinca"
"421","metabeat","BLAST","marchamley","SRR11949893",1,"tinca_tinca"
"422","metabeat","BLAST","marchamley","SRR11949895",2,"carassius_carassius, tinca_tinca"
"423","metabeat","BLAST","marchamley","SRR11949900",3,"barbus_barbus, carassius_carassius, tinca_tinca"
"424","metabeat","BLAST","marchamley","SRR11949902",2,"carassius_carassius, tinca_tinca"
"425","metabeat","BLAST","marchamley","SRR11949904",3,"barbus_barbus, carassius_carassius, tinca_tinca"
"426","metabeat","BLAST","marchamley","SRR11949909",1,"barbus_barbus"
"427","metabeat","BLAST","marchamley","SRR11949910",4,"barbus_barbus, carassius_carassius, rutilus_rutilus, tinca_tinca"
"428","metabeat","BLAST","marchamley","SRR11949912",1,"tinca_tinca"
"429","metabeat","BLAST","marchamley","SRR11949914",3,"barbus_barbus, carassius_carassius, tinca_tinca"
"430","metabeat","BLAST","marchamley","SRR11949916",2,"carassius_carassius, tinca_tinca"
"431","metabeat","BLAST","marchamley","SRR11949918",2,"carassius_carassius, tinca_tinca"
"432","metabeat","BLAST","marchamley","SRR11949921",2,"carassius_carassius, tinca_tinca"
"433","metabeat","BLAST","marchamley","SRR11949923",2,"carassius_carassius, tinca_tinca"
"434","metabeat","BLAST","marchamley","SRR11949925",2,"barbus_barbus, tinca_tinca"
"435","metabeat","BLAST","ringtrial_sean","RR-RT13-AM914-E8_S373",1,"esox_lucius"
"436","metabeat","BLAST","ringtrial_sean","RT11-AM910-C2_S35",3,"esox_lucius, phoxinus_phoxinus, salmo_salar"
"437","metabeat","BLAST","ringtrial_sean","RT17-AM926-A3_S41",1,"esox_lucius"
"438","metabeat","BLAST","ringtrial_sean","RT20-AM936-D3_S44",2,"esox_lucius, phoxinus_phoxinus"
"439","metabeat","BLAST","ringtrial_sean","RT8-AM902-H1_S104",3,"esox_lucius, phoxinus_phoxinus, salmo_salar"
"440","metabeat","BLAST","windermere_2017","WOF10",1,"phoxinus_phoxinus"
"441","metabeat","BLAST","windermere_2017","WOF36",1,"esox_lucius"
"442","metabeat","BLAST","windermere_2017","WSH02",1,"esox_lucius"
"443","metabeat","BLAST","windermere_2017","WSH09",1,"esox_lucius"
"444","metabeat","BLAST","windermere_2017","WSH11F1",1,"phoxinus_phoxinus"
"445","metabeat","BLAST","windermere_2017","WSH15",1,"esox_lucius"
"446","metabeat","BLAST","windermere_2017","WSH18F1",1,"phoxinus_phoxinus"
"447","metabeat","BLAST","windermere_2017","WSH19F1",2,"anguilla_anguilla, barbatula_barbatula"
"448","metabeat","BLAST","windermere_2017","WSH20",1,"barbatula_barbatula"
"449","metabeat","BLAST","windermere_2017","WSH21",1,"barbatula_barbatula"
"450","metabeat","BLAST","windermere_2017","WSH23",1,"esox_lucius"
"451","metabeat","BLAST","windermere_2017","WSH24",1,"barbatula_barbatula"
"452","metabeat","BLAST","windermere_2017","WSH25",3,"anguilla_anguilla, barbatula_barbatula, esox_lucius"
"453","metabeat","BLAST","windermere_2017","WSH34F1",3,"anguilla_anguilla, esox_lucius, phoxinus_phoxinus"
"454","metabeat","BLAST","windermere_2017","WSH35F1",3,"anguilla_anguilla, barbatula_barbatula, esox_lucius"
"455","metabeat","BLAST","windermere_2017","WSH36",2,"anguilla_anguilla, phoxinus_phoxinus"
"456","metabeat","BLAST","windermere_2017","WSH37",3,"anguilla_anguilla, barbatula_barbatula, esox_lucius"
"457","metabeat","BLAST","windermere_2017","WSH38",2,"barbatula_barbatula, phoxinus_phoxinus"
"458","metabeat","MAPseq","marchamley","SRR11949841",1,"barbus_barbus"
"459","metabeat","MAPseq","marchamley","SRR11949843",1,"cyprinus_carpio"
"460","metabeat","MAPseq","marchamley","SRR11949846",2,"barbus_barbus, cyprinus_carpio"
"461","metabeat","MAPseq","marchamley","SRR11949848",1,"cyprinus_carpio"
"462","metabeat","MAPseq","marchamley","SRR11949857",1,"cyprinus_carpio"
"463","metabeat","MAPseq","marchamley","SRR11949865",1,"cyprinus_carpio"
"464","metabeat","MAPseq","marchamley","SRR11949873",1,"cyprinus_carpio"
"465","metabeat","MAPseq","marchamley","SRR11949875",1,"cyprinus_carpio"
"466","metabeat","MAPseq","marchamley","SRR11949877",1,"cyprinus_carpio"
"467","metabeat","MAPseq","marchamley","SRR11949878",1,"cyprinus_carpio"
"468","metabeat","MAPseq","marchamley","SRR11949879",1,"cyprinus_carpio"
"469","metabeat","MAPseq","marchamley","SRR11949889",1,"cyprinus_carpio"
"470","metabeat","MAPseq","marchamley","SRR11949893",1,"cyprinus_carpio"
"471","metabeat","MAPseq","marchamley","SRR11949900",2,"barbus_barbus, cyprinus_carpio"
"472","metabeat","MAPseq","marchamley","SRR11949902",1,"cyprinus_carpio"
"473","metabeat","MAPseq","marchamley","SRR11949904",1,"barbus_barbus"
"474","metabeat","MAPseq","marchamley","SRR11949909",1,"barbus_barbus"
"475","metabeat","MAPseq","marchamley","SRR11949910",2,"barbus_barbus, cyprinus_carpio"
"476","metabeat","MAPseq","marchamley","SRR11949912",1,"cyprinus_carpio"
"477","metabeat","MAPseq","marchamley","SRR11949914",2,"barbus_barbus, cyprinus_carpio"
"478","metabeat","MAPseq","marchamley","SRR11949916",1,"cyprinus_carpio"
"479","metabeat","MAPseq","marchamley","SRR11949918",1,"cyprinus_carpio"
"480","metabeat","MAPseq","marchamley","SRR11949921",1,"cyprinus_carpio"
"481","metabeat","MAPseq","marchamley","SRR11949925",2,"barbus_barbus, cyprinus_carpio"
"482","metabeat","MAPseq","ringtrial_sean","RR-RT13-AM914-E8_S373",1,"esox_lucius"
"483","metabeat","MAPseq","ringtrial_sean","RR-RT3-AM892-C7_S363",1,"gasterosteus_aculeatus"
"484","metabeat","MAPseq","ringtrial_sean","RT11-AM910-C2_S35",4,"esox_lucius, gasterosteus_aculeatus, phoxinus_phoxinus, salmo_salar"
"485","metabeat","MAPseq","ringtrial_sean","RT17-AM926-A3_S41",1,"esox_lucius"
"486","metabeat","MAPseq","ringtrial_sean","RT20-AM936-D3_S44",2,"esox_lucius, phoxinus_phoxinus"
"487","metabeat","MAPseq","ringtrial_sean","RT8-AM902-H1_S104",2,"esox_lucius, phoxinus_phoxinus"
"488","metabeat","MAPseq","windermere_2017","WOF07",1,"gasterosteus_aculeatus"
"489","metabeat","MAPseq","windermere_2017","WOF10",1,"phoxinus_phoxinus"
"490","metabeat","MAPseq","windermere_2017","WOF21",1,"gasterosteus_aculeatus"
"491","metabeat","MAPseq","windermere_2017","WOF24",1,"gasterosteus_aculeatus"
"492","metabeat","MAPseq","windermere_2017","WOF26",1,"gasterosteus_aculeatus"
"493","metabeat","MAPseq","windermere_2017","WOF27",1,"gasterosteus_aculeatus"
"494","metabeat","MAPseq","windermere_2017","WOF28",1,"gasterosteus_aculeatus"
"495","metabeat","MAPseq","windermere_2017","WOF33",1,"gasterosteus_aculeatus"
"496","metabeat","MAPseq","windermere_2017","WOF34",1,"gasterosteus_aculeatus"
"497","metabeat","MAPseq","windermere_2017","WOF36",1,"esox_lucius"
"498","metabeat","MAPseq","windermere_2017","WOF41",1,"gasterosteus_aculeatus"
"499","metabeat","MAPseq","windermere_2017","WSH02",1,"esox_lucius"
"500","metabeat","MAPseq","windermere_2017","WSH09",2,"esox_lucius, gasterosteus_aculeatus"
"501","metabeat","MAPseq","windermere_2017","WSH11F1",1,"phoxinus_phoxinus"
"502","metabeat","MAPseq","windermere_2017","WSH13",1,"gasterosteus_aculeatus"
"503","metabeat","MAPseq","windermere_2017","WSH15",1,"esox_lucius"
"504","metabeat","MAPseq","windermere_2017","WSH18F1",1,"phoxinus_phoxinus"
"505","metabeat","MAPseq","windermere_2017","WSH19F1",2,"anguilla_anguilla, barbatula_barbatula"
"506","metabeat","MAPseq","windermere_2017","WSH20",1,"barbatula_barbatula"
"507","metabeat","MAPseq","windermere_2017","WSH21",1,"barbatula_barbatula"
"508","metabeat","MAPseq","windermere_2017","WSH23",1,"esox_lucius"
"509","metabeat","MAPseq","windermere_2017","WSH24",1,"barbatula_barbatula"
"510","metabeat","MAPseq","windermere_2017","WSH25",3,"anguilla_anguilla, barbatula_barbatula, esox_lucius"
"511","metabeat","MAPseq","windermere_2017","WSH28F1",1,"gasterosteus_aculeatus"
"512","metabeat","MAPseq","windermere_2017","WSH34F1",3,"anguilla_anguilla, esox_lucius, phoxinus_phoxinus"
"513","metabeat","MAPseq","windermere_2017","WSH35F1",3,"anguilla_anguilla, barbatula_barbatula, esox_lucius"
"514","metabeat","MAPseq","windermere_2017","WSH36",2,"anguilla_anguilla, phoxinus_phoxinus"
"515","metabeat","MAPseq","windermere_2017","WSH37",3,"anguilla_anguilla, barbatula_barbatula, esox_lucius"
"516","metabeat","MAPseq","windermere_2017","WSH38",2,"barbatula_barbatula, phoxinus_phoxinus"
"517","metabeat","RDP","marchamley","SRR11949830",1,"squalius_cephalus"
"518","metabeat","RDP","marchamley","SRR11949831",1,"abramis_brama"
"519","metabeat","RDP","marchamley","SRR11949833",1,"abramis_brama"
"520","metabeat","RDP","marchamley","SRR11949839",1,"ctenopharyngodon_idella"
"521","metabeat","RDP","marchamley","SRR11949841",1,"barbus_barbus"
"522","metabeat","RDP","marchamley","SRR11949846",1,"barbus_barbus"
"523","metabeat","RDP","marchamley","SRR11949848",1,"ctenopharyngodon_idella"
"524","metabeat","RDP","marchamley","SRR11949864",1,"carassius_carassius"
"525","metabeat","RDP","marchamley","SRR11949865",1,"squalius_cephalus"
"526","metabeat","RDP","marchamley","SRR11949886",1,"squalius_cephalus"
"527","metabeat","RDP","marchamley","SRR11949887",1,"squalius_cephalus"
"528","metabeat","RDP","marchamley","SRR11949891",1,"squalius_cephalus"
"529","metabeat","RDP","marchamley","SRR11949898",2,"abramis_brama, cyprinus_carpio"
"530","metabeat","RDP","marchamley","SRR11949899",1,"cyprinus_carpio"
"531","metabeat","RDP","marchamley","SRR11949900",1,"barbus_barbus"
"532","metabeat","RDP","marchamley","SRR11949904",1,"barbus_barbus"
"533","metabeat","RDP","marchamley","SRR11949906",2,"abramis_brama, cyprinus_carpio"
"534","metabeat","RDP","marchamley","SRR11949909",1,"barbus_barbus"
"535","metabeat","RDP","marchamley","SRR11949910",2,"barbus_barbus, rutilus_rutilus"
"536","metabeat","RDP","marchamley","SRR11949912",1,"rutilus_rutilus"
"537","metabeat","RDP","marchamley","SRR11949914",1,"barbus_barbus"
"538","metabeat","RDP","marchamley","SRR11949917",1,"cyprinus_carpio"
"539","metabeat","RDP","marchamley","SRR11949925",1,"barbus_barbus"
"540","metabeat","RDP","marchamley","SRR11949926",1,"cyprinus_carpio"
"541","metabeat","RDP","ringtrial_sean","RR-RT13-AM914-E8_S373",2,"esox_lucius, gasterosteus_aculeatus"
"542","metabeat","RDP","ringtrial_sean","RR-RT15-AM919-G8_S375",1,"salmo_trutta"
"543","metabeat","RDP","ringtrial_sean","RR-RT3-AM892-C7_S363",1,"gasterosteus_aculeatus"
"544","metabeat","RDP","ringtrial_sean","RR-RT5-AM896-E7_S365",1,"salmo_trutta"
"545","metabeat","RDP","ringtrial_sean","RT10-AM908-B2_S34",2,"gasterosteus_aculeatus, salmo_trutta"
"546","metabeat","RDP","ringtrial_sean","RT11-AM910-C2_S35",5,"esox_lucius, gasterosteus_aculeatus, phoxinus_phoxinus, salmo_salar, salmo_trutta"
"547","metabeat","RDP","ringtrial_sean","RT17-AM926-A3_S41",2,"esox_lucius, gasterosteus_aculeatus"
"548","metabeat","RDP","ringtrial_sean","RT19-AM933-C3_S43",1,"rutilus_rutilus"
"549","metabeat","RDP","ringtrial_sean","RT20-AM936-D3_S44",2,"esox_lucius, phoxinus_phoxinus"
"550","metabeat","RDP","ringtrial_sean","RT8-AM902-H1_S104",4,"esox_lucius, phoxinus_phoxinus, salmo_salar, salmo_trutta"
"551","metabeat","RDP","windermere_2017","WOF02",1,"gasterosteus_aculeatus"
"552","metabeat","RDP","windermere_2017","WOF10",1,"phoxinus_phoxinus"
"553","metabeat","RDP","windermere_2017","WOF21",1,"abramis_brama"
"554","metabeat","RDP","windermere_2017","WOF24",1,"rutilus_rutilus"
"555","metabeat","RDP","windermere_2017","WOF28",1,"salmo_trutta"
"556","metabeat","RDP","windermere_2017","WOF30",1,"abramis_brama"
"557","metabeat","RDP","windermere_2017","WOF36",1,"esox_lucius"
"558","metabeat","RDP","windermere_2017","WOF50",1,"cottus_gobio"
"559","metabeat","RDP","windermere_2017","WSH02",2,"abramis_brama, esox_lucius"
"560","metabeat","RDP","windermere_2017","WSH07",1,"salmo_trutta"
"561","metabeat","RDP","windermere_2017","WSH09",2,"abramis_brama, esox_lucius"
"562","metabeat","RDP","windermere_2017","WSH11F1",1,"phoxinus_phoxinus"
"563","metabeat","RDP","windermere_2017","WSH15",1,"esox_lucius"
"564","metabeat","RDP","windermere_2017","WSH17F1",2,"abramis_brama, salmo_trutta"
"565","metabeat","RDP","windermere_2017","WSH18F1",1,"phoxinus_phoxinus"
"566","metabeat","RDP","windermere_2017","WSH19F1",2,"anguilla_anguilla, barbatula_barbatula"
"567","metabeat","RDP","windermere_2017","WSH20",1,"barbatula_barbatula"
"568","metabeat","RDP","windermere_2017","WSH21",2,"abramis_brama, barbatula_barbatula"
"569","metabeat","RDP","windermere_2017","WSH23",1,"esox_lucius"
"570","metabeat","RDP","windermere_2017","WSH24",1,"barbatula_barbatula"
"571","metabeat","RDP","windermere_2017","WSH25",3,"anguilla_anguilla, barbatula_barbatula, esox_lucius"
"572","metabeat","RDP","windermere_2017","WSH32F1",1,"abramis_brama"
"573","metabeat","RDP","windermere_2017","WSH33",1,"salmo_trutta"
"574","metabeat","RDP","windermere_2017","WSH34F1",6,"abramis_brama, anguilla_anguilla, esox_lucius, phoxinus_phoxinus, rutilus_rutilus, salmo_trutta"
"575","metabeat","RDP","windermere_2017","WSH35F1",5,"abramis_brama, anguilla_anguilla, barbatula_barbatula, esox_lucius, salmo_trutta"
"576","metabeat","RDP","windermere_2017","WSH36",4,"abramis_brama, anguilla_anguilla, phoxinus_phoxinus, salmo_trutta"
"577","metabeat","RDP","windermere_2017","WSH37",4,"abramis_brama, anguilla_anguilla, barbatula_barbatula, esox_lucius"
"578","metabeat","RDP","windermere_2017","WSH38",2,"barbatula_barbatula, phoxinus_phoxinus"
"579","metabeat","RDP","windermere_2017","WSH39",1,"salmo_trutta"
"580","metabeat","RDP","windermere_2017","WSH40F1",1,"cottus_gobio"
"581","metabeat","VSEARCH","marchamley","SRR11949830",2,"cyprinus_carpio, scardinius_erythrophthalmus"
"582","metabeat","VSEARCH","marchamley","SRR11949831",2,"abramis_brama, rutilus_rutilus"
"583","metabeat","VSEARCH","marchamley","SRR11949832",2,"cyprinus_carpio, perca_fluviatilis"
"584","metabeat","VSEARCH","marchamley","SRR11949833",3,"abramis_brama, carassius_carassius, tinca_tinca"
"585","metabeat","VSEARCH","marchamley","SRR11949839",2,"ctenopharyngodon_idella, cyprinus_carpio"
"586","metabeat","VSEARCH","marchamley","SRR11949840",1,"cyprinus_carpio"
"587","metabeat","VSEARCH","marchamley","SRR11949841",1,"barbus_barbus"
"588","metabeat","VSEARCH","marchamley","SRR11949842",2,"cyprinus_carpio, scardinius_erythrophthalmus"
"589","metabeat","VSEARCH","marchamley","SRR11949843",1,"cyprinus_carpio"
"590","metabeat","VSEARCH","marchamley","SRR11949844",1,"cyprinus_carpio"
"591","metabeat","VSEARCH","marchamley","SRR11949845",2,"cyprinus_carpio, scardinius_erythrophthalmus"
"592","metabeat","VSEARCH","marchamley","SRR11949846",2,"barbus_barbus, cyprinus_carpio"
"593","metabeat","VSEARCH","marchamley","SRR11949847",1,"cyprinus_carpio"
"594","metabeat","VSEARCH","marchamley","SRR11949848",2,"ctenopharyngodon_idella, cyprinus_carpio"
"595","metabeat","VSEARCH","marchamley","SRR11949852",2,"cyprinus_carpio, scardinius_erythrophthalmus"
"596","metabeat","VSEARCH","marchamley","SRR11949855",1,"cyprinus_carpio"
"597","metabeat","VSEARCH","marchamley","SRR11949857",1,"cyprinus_carpio"
"598","metabeat","VSEARCH","marchamley","SRR11949859",2,"cyprinus_carpio, scardinius_erythrophthalmus"
"599","metabeat","VSEARCH","marchamley","SRR11949860",1,"cyprinus_carpio"
"600","metabeat","VSEARCH","marchamley","SRR11949862",1,"cyprinus_carpio"
"601","metabeat","VSEARCH","marchamley","SRR11949863",2,"cyprinus_carpio, scardinius_erythrophthalmus"
"602","metabeat","VSEARCH","marchamley","SRR11949864",1,"scardinius_erythrophthalmus"
"603","metabeat","VSEARCH","marchamley","SRR11949865",2,"cyprinus_carpio, perca_fluviatilis"
"604","metabeat","VSEARCH","marchamley","SRR11949866",1,"scardinius_erythrophthalmus"
"605","metabeat","VSEARCH","marchamley","SRR11949868",1,"scardinius_erythrophthalmus"
"606","metabeat","VSEARCH","marchamley","SRR11949869",1,"scardinius_erythrophthalmus"
"607","metabeat","VSEARCH","marchamley","SRR11949870",1,"scardinius_erythrophthalmus"
"608","metabeat","VSEARCH","marchamley","SRR11949871",2,"cyprinus_carpio, scardinius_erythrophthalmus"
"609","metabeat","VSEARCH","marchamley","SRR11949873",1,"cyprinus_carpio"
"610","metabeat","VSEARCH","marchamley","SRR11949874",1,"cyprinus_carpio"
"611","metabeat","VSEARCH","marchamley","SRR11949875",1,"cyprinus_carpio"
"612","metabeat","VSEARCH","marchamley","SRR11949877",1,"cyprinus_carpio"
"613","metabeat","VSEARCH","marchamley","SRR11949878",2,"cyprinus_carpio, scardinius_erythrophthalmus"
"614","metabeat","VSEARCH","marchamley","SRR11949879",2,"cyprinus_carpio, scardinius_erythrophthalmus"
"615","metabeat","VSEARCH","marchamley","SRR11949886",2,"cyprinus_carpio, scardinius_erythrophthalmus"
"616","metabeat","VSEARCH","marchamley","SRR11949887",2,"cyprinus_carpio, scardinius_erythrophthalmus"
"617","metabeat","VSEARCH","marchamley","SRR11949889",1,"cyprinus_carpio"
"618","metabeat","VSEARCH","marchamley","SRR11949891",2,"cyprinus_carpio, scardinius_erythrophthalmus"
"619","metabeat","VSEARCH","marchamley","SRR11949893",1,"cyprinus_carpio"
"620","metabeat","VSEARCH","marchamley","SRR11949895",1,"cyprinus_carpio"
"621","metabeat","VSEARCH","marchamley","SRR11949896",2,"carassius_carassius, tinca_tinca"
"622","metabeat","VSEARCH","marchamley","SRR11949897",1,"cyprinus_carpio"
"623","metabeat","VSEARCH","marchamley","SRR11949898",1,"abramis_brama"
"624","metabeat","VSEARCH","marchamley","SRR11949900",2,"barbus_barbus, cyprinus_carpio"
"625","metabeat","VSEARCH","marchamley","SRR11949901",1,"tinca_tinca"
"626","metabeat","VSEARCH","marchamley","SRR11949902",1,"cyprinus_carpio"
"627","metabeat","VSEARCH","marchamley","SRR11949904",1,"barbus_barbus"
"628","metabeat","VSEARCH","marchamley","SRR11949905",1,"tinca_tinca"
"629","metabeat","VSEARCH","marchamley","SRR11949906",4,"abramis_brama, carassius_carassius, rutilus_rutilus, tinca_tinca"
"630","metabeat","VSEARCH","marchamley","SRR11949909",3,"barbus_barbus, cyprinus_carpio, perca_fluviatilis"
"631","metabeat","VSEARCH","marchamley","SRR11949910",3,"barbus_barbus, cyprinus_carpio, rutilus_rutilus"
"632","metabeat","VSEARCH","marchamley","SRR11949912",1,"cyprinus_carpio"
"633","metabeat","VSEARCH","marchamley","SRR11949914",3,"barbus_barbus, ctenopharyngodon_idella, cyprinus_carpio"
"634","metabeat","VSEARCH","marchamley","SRR11949916",2,"cyprinus_carpio, scardinius_erythrophthalmus"
"635","metabeat","VSEARCH","marchamley","SRR11949917",1,"tinca_tinca"
"636","metabeat","VSEARCH","marchamley","SRR11949918",1,"cyprinus_carpio"
"637","metabeat","VSEARCH","marchamley","SRR11949920",1,"cyprinus_carpio"
"638","metabeat","VSEARCH","marchamley","SRR11949921",1,"cyprinus_carpio"
"639","metabeat","VSEARCH","marchamley","SRR11949923",3,"cyprinus_carpio, perca_fluviatilis, scardinius_erythrophthalmus"
"640","metabeat","VSEARCH","marchamley","SRR11949925",2,"barbus_barbus, cyprinus_carpio"
"641","metabeat","VSEARCH","marchamley","SRR11949928",1,"carassius_carassius"
"642","metabeat","VSEARCH","ringtrial_sean","RR-RT13-AM914-E8_S373",1,"esox_lucius"
"643","metabeat","VSEARCH","ringtrial_sean","RR-RT15-AM919-G8_S375",1,"salmo_trutta"
"644","metabeat","VSEARCH","ringtrial_sean","RR-RT3-AM892-C7_S363",1,"gasterosteus_aculeatus"
"645","metabeat","VSEARCH","ringtrial_sean","RR-RT5-AM896-E7_S365",1,"salmo_trutta"
"646","metabeat","VSEARCH","ringtrial_sean","RT10-AM908-B2_S34",1,"salmo_trutta"
"647","metabeat","VSEARCH","ringtrial_sean","RT11-AM910-C2_S35",5,"esox_lucius, gasterosteus_aculeatus, phoxinus_phoxinus, salmo_salar, salmo_trutta"
"648","metabeat","VSEARCH","ringtrial_sean","RT17-AM926-A3_S41",1,"esox_lucius"
"649","metabeat","VSEARCH","ringtrial_sean","RT19-AM933-C3_S43",1,"rutilus_rutilus"
"650","metabeat","VSEARCH","ringtrial_sean","RT20-AM936-D3_S44",2,"esox_lucius, phoxinus_phoxinus"
"651","metabeat","VSEARCH","ringtrial_sean","RT8-AM902-H1_S104",4,"esox_lucius, phoxinus_phoxinus, salmo_salar, salmo_trutta"
"652","metabeat","VSEARCH","windermere_2017","WOF02",1,"cottus_gobio"
"653","metabeat","VSEARCH","windermere_2017","WOF04",1,"perca_fluviatilis"
"654","metabeat","VSEARCH","windermere_2017","WOF05",1,"perca_fluviatilis"
"655","metabeat","VSEARCH","windermere_2017","WOF06",1,"perca_fluviatilis"
"656","metabeat","VSEARCH","windermere_2017","WOF07",2,"gasterosteus_aculeatus, perca_fluviatilis"
"657","metabeat","VSEARCH","windermere_2017","WOF08",1,"perca_fluviatilis"
"658","metabeat","VSEARCH","windermere_2017","WOF10",2,"perca_fluviatilis, phoxinus_phoxinus"
"659","metabeat","VSEARCH","windermere_2017","WOF11",1,"cottus_gobio"
"660","metabeat","VSEARCH","windermere_2017","WOF18",1,"cottus_gobio"
"661","metabeat","VSEARCH","windermere_2017","WOF20",1,"perca_fluviatilis"
"662","metabeat","VSEARCH","windermere_2017","WOF21",5,"abramis_brama, cottus_gobio, gasterosteus_aculeatus, perca_fluviatilis, rutilus_rutilus"
"663","metabeat","VSEARCH","windermere_2017","WOF23",1,"cottus_gobio"
"664","metabeat","VSEARCH","windermere_2017","WOF24",3,"cottus_gobio, gasterosteus_aculeatus, rutilus_rutilus"
"665","metabeat","VSEARCH","windermere_2017","WOF25",1,"perca_fluviatilis"
"666","metabeat","VSEARCH","windermere_2017","WOF26",3,"cottus_gobio, gasterosteus_aculeatus, perca_fluviatilis"
"667","metabeat","VSEARCH","windermere_2017","WOF27",3,"cottus_gobio, gasterosteus_aculeatus, perca_fluviatilis"
"668","metabeat","VSEARCH","windermere_2017","WOF28",3,"gasterosteus_aculeatus, rutilus_rutilus, salmo_trutta"
"669","metabeat","VSEARCH","windermere_2017","WOF29",1,"cottus_gobio"
"670","metabeat","VSEARCH","windermere_2017","WOF30",1,"abramis_brama"
"671","metabeat","VSEARCH","windermere_2017","WOF31",2,"cottus_gobio, perca_fluviatilis"
"672","metabeat","VSEARCH","windermere_2017","WOF32",1,"perca_fluviatilis"
"673","metabeat","VSEARCH","windermere_2017","WOF33",1,"gasterosteus_aculeatus"
"674","metabeat","VSEARCH","windermere_2017","WOF34",2,"cottus_gobio, gasterosteus_aculeatus"
"675","metabeat","VSEARCH","windermere_2017","WOF35",1,"cottus_gobio"
"676","metabeat","VSEARCH","windermere_2017","WOF36",2,"cottus_gobio, esox_lucius"
"677","metabeat","VSEARCH","windermere_2017","WOF39",1,"cottus_gobio"
"678","metabeat","VSEARCH","windermere_2017","WOF41",1,"gasterosteus_aculeatus"
"679","metabeat","VSEARCH","windermere_2017","WOF42",2,"cottus_gobio, perca_fluviatilis"
"680","metabeat","VSEARCH","windermere_2017","WOF43",1,"perca_fluviatilis"
"681","metabeat","VSEARCH","windermere_2017","WOF44",2,"cottus_gobio, perca_fluviatilis"
"682","metabeat","VSEARCH","windermere_2017","WOF47",1,"cottus_gobio"
"683","metabeat","VSEARCH","windermere_2017","WOF48",2,"cottus_gobio, perca_fluviatilis"
"684","metabeat","VSEARCH","windermere_2017","WOF50",1,"perca_fluviatilis"
"685","metabeat","VSEARCH","windermere_2017","WSH02",2,"abramis_brama, esox_lucius"
"686","metabeat","VSEARCH","windermere_2017","WSH03",1,"cottus_gobio"
"687","metabeat","VSEARCH","windermere_2017","WSH07",1,"salmo_trutta"
"688","metabeat","VSEARCH","windermere_2017","WSH09",3,"abramis_brama, esox_lucius, gasterosteus_aculeatus"
"689","metabeat","VSEARCH","windermere_2017","WSH10",1,"perca_fluviatilis"
"690","metabeat","VSEARCH","windermere_2017","WSH11F1",1,"phoxinus_phoxinus"
"691","metabeat","VSEARCH","windermere_2017","WSH13",2,"gasterosteus_aculeatus, perca_fluviatilis"
"692","metabeat","VSEARCH","windermere_2017","WSH14",1,"perca_fluviatilis"
"693","metabeat","VSEARCH","windermere_2017","WSH15",3,"esox_lucius, perca_fluviatilis, scardinius_erythrophthalmus"
"694","metabeat","VSEARCH","windermere_2017","WSH16",2,"perca_fluviatilis, scardinius_erythrophthalmus"
"695","metabeat","VSEARCH","windermere_2017","WSH17F1",3,"abramis_brama, cottus_gobio, salmo_trutta"
"696","metabeat","VSEARCH","windermere_2017","WSH18F1",3,"cottus_gobio, perca_fluviatilis, phoxinus_phoxinus"
"697","metabeat","VSEARCH","windermere_2017","WSH19F1",4,"anguilla_anguilla, barbatula_barbatula, cottus_gobio, rutilus_rutilus"
"698","metabeat","VSEARCH","windermere_2017","WSH20",3,"barbatula_barbatula, perca_fluviatilis, scardinius_erythrophthalmus"
"699","metabeat","VSEARCH","windermere_2017","WSH21",5,"abramis_brama, barbatula_barbatula, cottus_gobio, rutilus_rutilus, salmo_trutta"
"700","metabeat","VSEARCH","windermere_2017","WSH23",2,"esox_lucius, salmo_trutta"
"701","metabeat","VSEARCH","windermere_2017","WSH24",3,"barbatula_barbatula, rutilus_rutilus, salmo_trutta"
"702","metabeat","VSEARCH","windermere_2017","WSH25",3,"anguilla_anguilla, barbatula_barbatula, esox_lucius"
"703","metabeat","VSEARCH","windermere_2017","WSH26",2,"perca_fluviatilis, salmo_trutta"
"704","metabeat","VSEARCH","windermere_2017","WSH27",1,"perca_fluviatilis"
"705","metabeat","VSEARCH","windermere_2017","WSH28F1",1,"gasterosteus_aculeatus"
"706","metabeat","VSEARCH","windermere_2017","WSH31F1",2,"perca_fluviatilis, rutilus_rutilus"
"707","metabeat","VSEARCH","windermere_2017","WSH32F1",1,"abramis_brama"
"708","metabeat","VSEARCH","windermere_2017","WSH33",1,"salmo_trutta"
"709","metabeat","VSEARCH","windermere_2017","WSH34F1",7,"abramis_brama, anguilla_anguilla, cottus_gobio, esox_lucius, phoxinus_phoxinus, rutilus_rutilus, salmo_trutta"
"710","metabeat","VSEARCH","windermere_2017","WSH35F1",6,"abramis_brama, anguilla_anguilla, barbatula_barbatula, cottus_gobio, esox_lucius, salmo_trutta"
"711","metabeat","VSEARCH","windermere_2017","WSH36",5,"abramis_brama, anguilla_anguilla, cottus_gobio, perca_fluviatilis, phoxinus_phoxinus"
"712","metabeat","VSEARCH","windermere_2017","WSH37",6,"abramis_brama, anguilla_anguilla, barbatula_barbatula, cottus_gobio, esox_lucius, perca_fluviatilis"
"713","metabeat","VSEARCH","windermere_2017","WSH38",2,"barbatula_barbatula, phoxinus_phoxinus"
"714","metabeat","VSEARCH","windermere_2017","WSH39",2,"cottus_gobio, salmo_trutta"
"715","metabeat","VSEARCH","windermere_2017","WSH40F1",1,"perca_fluviatilis"
"716","vsearch","BLAST","marchamley","SRR11949841",1,"barbus_barbus"
"717","vsearch","BLAST","marchamley","SRR11949846",1,"barbus_barbus"
"718","vsearch","BLAST","marchamley","SRR11949900",1,"barbus_barbus"
"719","vsearch","BLAST","marchamley","SRR11949904",1,"barbus_barbus"
"720","vsearch","BLAST","marchamley","SRR11949909",1,"barbus_barbus"
"721","vsearch","BLAST","marchamley","SRR11949910",1,"barbus_barbus"
"722","vsearch","BLAST","marchamley","SRR11949914",1,"barbus_barbus"
"723","vsearch","BLAST","marchamley","SRR11949925",1,"barbus_barbus"
"724","vsearch","BLAST","ringtrial_sean","RR-RT13-AM914-E8_S373",1,"esox_lucius"
"725","vsearch","BLAST","ringtrial_sean","RT11-AM910-C2_S35",3,"esox_lucius, phoxinus_phoxinus, salmo_salar"
"726","vsearch","BLAST","ringtrial_sean","RT17-AM926-A3_S41",1,"esox_lucius"
"727","vsearch","BLAST","ringtrial_sean","RT20-AM936-D3_S44",2,"esox_lucius, phoxinus_phoxinus"
"728","vsearch","BLAST","windermere_2017","WSH02",1,"esox_lucius"
"729","vsearch","BLAST","windermere_2017","WSH09",1,"esox_lucius"
"730","vsearch","BLAST","windermere_2017","WSH15",1,"esox_lucius"
"731","vsearch","BLAST","windermere_2017","WSH18F1",1,"phoxinus_phoxinus"
"732","vsearch","BLAST","windermere_2017","WSH19F1",1,"barbatula_barbatula"
"733","vsearch","BLAST","windermere_2017","WSH20",1,"barbatula_barbatula"
"734","vsearch","BLAST","windermere_2017","WSH21",1,"barbatula_barbatula"
"735","vsearch","BLAST","windermere_2017","WSH23",1,"esox_lucius"
"736","vsearch","BLAST","windermere_2017","WSH24",1,"barbatula_barbatula"
"737","vsearch","BLAST","windermere_2017","WSH25",3,"anguilla_anguilla, barbatula_barbatula, esox_lucius"
"738","vsearch","BLAST","windermere_2017","WSH34F1",3,"anguilla_anguilla, esox_lucius, phoxinus_phoxinus"
"739","vsearch","BLAST","windermere_2017","WSH35F1",3,"anguilla_anguilla, barbatula_barbatula, esox_lucius"
"740","vsearch","BLAST","windermere_2017","WSH36",2,"anguilla_anguilla, phoxinus_phoxinus"
"741","vsearch","BLAST","windermere_2017","WSH37",2,"anguilla_anguilla, esox_lucius"
"742","vsearch","BLAST","windermere_2017","WSH38",1,"phoxinus_phoxinus"
"743","vsearch","MAPseq","marchamley","SRR11949841",1,"barbus_barbus"
"744","vsearch","MAPseq","marchamley","SRR11949846",1,"barbus_barbus"
"745","vsearch","MAPseq","marchamley","SRR11949900",1,"barbus_barbus"
"746","vsearch","MAPseq","marchamley","SRR11949904",1,"barbus_barbus"
"747","vsearch","MAPseq","marchamley","SRR11949909",1,"barbus_barbus"
"748","vsearch","MAPseq","marchamley","SRR11949910",1,"barbus_barbus"
"749","vsearch","MAPseq","marchamley","SRR11949914",1,"barbus_barbus"
"750","vsearch","MAPseq","marchamley","SRR11949925",1,"barbus_barbus"
"751","vsearch","MAPseq","ringtrial_sean","RR-RT13-AM914-E8_S373",1,"esox_lucius"
"752","vsearch","MAPseq","ringtrial_sean","RR-RT3-AM892-C7_S363",1,"gasterosteus_aculeatus"
"753","vsearch","MAPseq","ringtrial_sean","RT11-AM910-C2_S35",3,"esox_lucius, gasterosteus_aculeatus, phoxinus_phoxinus"
"754","vsearch","MAPseq","ringtrial_sean","RT17-AM926-A3_S41",1,"esox_lucius"
"755","vsearch","MAPseq","ringtrial_sean","RT20-AM936-D3_S44",2,"esox_lucius, phoxinus_phoxinus"
"756","vsearch","MAPseq","windermere_2017","WOF21",1,"gasterosteus_aculeatus"
"757","vsearch","MAPseq","windermere_2017","WOF26",1,"gasterosteus_aculeatus"
"758","vsearch","MAPseq","windermere_2017","WOF27",1,"gasterosteus_aculeatus"
"759","vsearch","MAPseq","windermere_2017","WSH02",1,"esox_lucius"
"760","vsearch","MAPseq","windermere_2017","WSH09",2,"esox_lucius, gasterosteus_aculeatus"
"761","vsearch","MAPseq","windermere_2017","WSH13",1,"gasterosteus_aculeatus"
"762","vsearch","MAPseq","windermere_2017","WSH15",1,"esox_lucius"
"763","vsearch","MAPseq","windermere_2017","WSH18F1",1,"phoxinus_phoxinus"
"764","vsearch","MAPseq","windermere_2017","WSH19F1",1,"barbatula_barbatula"
"765","vsearch","MAPseq","windermere_2017","WSH20",1,"barbatula_barbatula"
"766","vsearch","MAPseq","windermere_2017","WSH21",1,"barbatula_barbatula"
"767","vsearch","MAPseq","windermere_2017","WSH23",1,"esox_lucius"
"768","vsearch","MAPseq","windermere_2017","WSH24",1,"barbatula_barbatula"
"769","vsearch","MAPseq","windermere_2017","WSH25",3,"anguilla_anguilla, barbatula_barbatula, esox_lucius"
"770","vsearch","MAPseq","windermere_2017","WSH28F1",1,"gasterosteus_aculeatus"
"771","vsearch","MAPseq","windermere_2017","WSH34F1",3,"anguilla_anguilla, esox_lucius, phoxinus_phoxinus"
"772","vsearch","MAPseq","windermere_2017","WSH35F1",3,"anguilla_anguilla, barbatula_barbatula, esox_lucius"
"773","vsearch","MAPseq","windermere_2017","WSH36",2,"anguilla_anguilla, phoxinus_phoxinus"
"774","vsearch","MAPseq","windermere_2017","WSH37",2,"anguilla_anguilla, esox_lucius"
"775","vsearch","MAPseq","windermere_2017","WSH38",1,"phoxinus_phoxinus"
"776","vsearch","RDP","marchamley","SRR11949830",1,"squalius_cephalus"
"777","vsearch","RDP","marchamley","SRR11949841",1,"barbus_barbus"
"778","vsearch","RDP","marchamley","SRR11949846",1,"barbus_barbus"
"779","vsearch","RDP","marchamley","SRR11949848",1,"ctenopharyngodon_idella"
"780","vsearch","RDP","marchamley","SRR11949865",1,"squalius_cephalus"
"781","vsearch","RDP","marchamley","SRR11949886",1,"squalius_cephalus"
"782","vsearch","RDP","marchamley","SRR11949891",1,"squalius_cephalus"
"783","vsearch","RDP","marchamley","SRR11949900",1,"barbus_barbus"
"784","vsearch","RDP","marchamley","SRR11949904",1,"barbus_barbus"
"785","vsearch","RDP","marchamley","SRR11949909",1,"barbus_barbus"
"786","vsearch","RDP","marchamley","SRR11949910",2,"barbus_barbus, rutilus_rutilus"
"787","vsearch","RDP","marchamley","SRR11949912",1,"rutilus_rutilus"
"788","vsearch","RDP","marchamley","SRR11949914",1,"barbus_barbus"
"789","vsearch","RDP","marchamley","SRR11949925",1,"barbus_barbus"
"790","vsearch","RDP","ringtrial_sean","RR-RT13-AM914-E8_S373",2,"esox_lucius, gasterosteus_aculeatus"
"791","vsearch","RDP","ringtrial_sean","RR-RT15-AM919-G8_S375",1,"salmo_trutta"
"792","vsearch","RDP","ringtrial_sean","RR-RT3-AM892-C7_S363",1,"gasterosteus_aculeatus"
"793","vsearch","RDP","ringtrial_sean","RR-RT5-AM896-E7_S365",1,"salmo_trutta"
"794","vsearch","RDP","ringtrial_sean","RT10-AM908-B2_S34",2,"gasterosteus_aculeatus, salmo_trutta"
"795","vsearch","RDP","ringtrial_sean","RT11-AM910-C2_S35",5,"esox_lucius, gasterosteus_aculeatus, phoxinus_phoxinus, salmo_salar, salmo_trutta"
"796","vsearch","RDP","ringtrial_sean","RT17-AM926-A3_S41",2,"esox_lucius, gasterosteus_aculeatus"
"797","vsearch","RDP","ringtrial_sean","RT19-AM933-C3_S43",1,"rutilus_rutilus"
"798","vsearch","RDP","ringtrial_sean","RT20-AM936-D3_S44",2,"esox_lucius, phoxinus_phoxinus"
"799","vsearch","RDP","windermere_2017","WOF02",1,"gasterosteus_aculeatus"
"800","vsearch","RDP","windermere_2017","WOF20",1,"gasterosteus_aculeatus"
"801","vsearch","RDP","windermere_2017","WOF21",2,"gasterosteus_aculeatus, rutilus_rutilus"
"802","vsearch","RDP","windermere_2017","WOF26",1,"gasterosteus_aculeatus"
"803","vsearch","RDP","windermere_2017","WOF27",1,"gasterosteus_aculeatus"
"804","vsearch","RDP","windermere_2017","WOF29",1,"gasterosteus_aculeatus"
"805","vsearch","RDP","windermere_2017","WOF30",1,"gasterosteus_aculeatus"
"806","vsearch","RDP","windermere_2017","WOF36",1,"gasterosteus_aculeatus"
"807","vsearch","RDP","windermere_2017","WOF37",1,"gasterosteus_aculeatus"
"808","vsearch","RDP","windermere_2017","WOF47",1,"gasterosteus_aculeatus"
"809","vsearch","RDP","windermere_2017","WOF49",1,"gasterosteus_aculeatus"
"810","vsearch","RDP","windermere_2017","WSH02",2,"abramis_brama, esox_lucius"
"811","vsearch","RDP","windermere_2017","WSH09",2,"esox_lucius, gasterosteus_aculeatus"
"812","vsearch","RDP","windermere_2017","WSH13",1,"gasterosteus_aculeatus"
"813","vsearch","RDP","windermere_2017","WSH15",1,"esox_lucius"
"814","vsearch","RDP","windermere_2017","WSH17F1",2,"abramis_brama, salmo_trutta"
"815","vsearch","RDP","windermere_2017","WSH18F1",1,"phoxinus_phoxinus"
"816","vsearch","RDP","windermere_2017","WSH19F1",2,"barbatula_barbatula, rutilus_rutilus"
"817","vsearch","RDP","windermere_2017","WSH20",1,"barbatula_barbatula"
"818","vsearch","RDP","windermere_2017","WSH21",3,"barbatula_barbatula, rutilus_rutilus, salmo_trutta"
"819","vsearch","RDP","windermere_2017","WSH23",3,"esox_lucius, rutilus_rutilus, salmo_trutta"
"820","vsearch","RDP","windermere_2017","WSH24",3,"barbatula_barbatula, rutilus_rutilus, salmo_trutta"
"821","vsearch","RDP","windermere_2017","WSH25",3,"anguilla_anguilla, barbatula_barbatula, esox_lucius"
"822","vsearch","RDP","windermere_2017","WSH26",1,"salmo_trutta"
"823","vsearch","RDP","windermere_2017","WSH28F1",1,"gasterosteus_aculeatus"
"824","vsearch","RDP","windermere_2017","WSH31F1",1,"rutilus_rutilus"
"825","vsearch","RDP","windermere_2017","WSH32F1",1,"abramis_brama"
"826","vsearch","RDP","windermere_2017","WSH34F1",6,"abramis_brama, anguilla_anguilla, esox_lucius, phoxinus_phoxinus, rutilus_rutilus, salmo_trutta"
"827","vsearch","RDP","windermere_2017","WSH35F1",5,"abramis_brama, anguilla_anguilla, barbatula_barbatula, esox_lucius, salmo_trutta"
"828","vsearch","RDP","windermere_2017","WSH36",3,"anguilla_anguilla, phoxinus_phoxinus, salmo_trutta"
"829","vsearch","RDP","windermere_2017","WSH37",3,"abramis_brama, anguilla_anguilla, esox_lucius"
"830","vsearch","RDP","windermere_2017","WSH38",1,"phoxinus_phoxinus"
"831","vsearch","VSEARCH","marchamley","SRR11949841",1,"barbus_barbus"
"832","vsearch","VSEARCH","marchamley","SRR11949845",1,"scardinius_erythrophthalmus"
"833","vsearch","VSEARCH","marchamley","SRR11949846",1,"barbus_barbus"
"834","vsearch","VSEARCH","marchamley","SRR11949848",1,"ctenopharyngodon_idella"
"835","vsearch","VSEARCH","marchamley","SRR11949852",1,"scardinius_erythrophthalmus"
"836","vsearch","VSEARCH","marchamley","SRR11949896",1,"tinca_tinca"
"837","vsearch","VSEARCH","marchamley","SRR11949900",1,"barbus_barbus"
"838","vsearch","VSEARCH","marchamley","SRR11949904",1,"barbus_barbus"
"839","vsearch","VSEARCH","marchamley","SRR11949909",1,"barbus_barbus"
"840","vsearch","VSEARCH","marchamley","SRR11949910",2,"barbus_barbus, rutilus_rutilus"
"841","vsearch","VSEARCH","marchamley","SRR11949914",1,"barbus_barbus"
"842","vsearch","VSEARCH","marchamley","SRR11949925",1,"barbus_barbus"
"843","vsearch","VSEARCH","marchamley","SRR11949928",1,"carassius_carassius"
"844","vsearch","VSEARCH","ringtrial_sean","RR-RT13-AM914-E8_S373",1,"esox_lucius"
"845","vsearch","VSEARCH","ringtrial_sean","RR-RT15-AM919-G8_S375",1,"salmo_trutta"
"846","vsearch","VSEARCH","ringtrial_sean","RR-RT3-AM892-C7_S363",1,"gasterosteus_aculeatus"
"847","vsearch","VSEARCH","ringtrial_sean","RR-RT5-AM896-E7_S365",1,"salmo_trutta"
"848","vsearch","VSEARCH","ringtrial_sean","RT10-AM908-B2_S34",1,"salmo_trutta"
"849","vsearch","VSEARCH","ringtrial_sean","RT11-AM910-C2_S35",5,"esox_lucius, gasterosteus_aculeatus, phoxinus_phoxinus, salmo_salar, salmo_trutta"
"850","vsearch","VSEARCH","ringtrial_sean","RT17-AM926-A3_S41",1,"esox_lucius"
"851","vsearch","VSEARCH","ringtrial_sean","RT19-AM933-C3_S43",1,"rutilus_rutilus"
"852","vsearch","VSEARCH","ringtrial_sean","RT20-AM936-D3_S44",2,"esox_lucius, phoxinus_phoxinus"
"853","vsearch","VSEARCH","windermere_2017","WOF02",1,"cottus_gobio"
"854","vsearch","VSEARCH","windermere_2017","WOF18",1,"cottus_gobio"
"855","vsearch","VSEARCH","windermere_2017","WOF21",3,"cottus_gobio, gasterosteus_aculeatus, rutilus_rutilus"
"856","vsearch","VSEARCH","windermere_2017","WOF23",1,"cottus_gobio"
"857","vsearch","VSEARCH","windermere_2017","WOF26",2,"cottus_gobio, gasterosteus_aculeatus"
"858","vsearch","VSEARCH","windermere_2017","WOF27",2,"cottus_gobio, gasterosteus_aculeatus"
"859","vsearch","VSEARCH","windermere_2017","WOF29",1,"cottus_gobio"
"860","vsearch","VSEARCH","windermere_2017","WOF36",1,"cottus_gobio"
"861","vsearch","VSEARCH","windermere_2017","WOF42",1,"cottus_gobio"
"862","vsearch","VSEARCH","windermere_2017","WOF48",1,"cottus_gobio"
"863","vsearch","VSEARCH","windermere_2017","WSH02",2,"abramis_brama, esox_lucius"
"864","vsearch","VSEARCH","windermere_2017","WSH03",1,"cottus_gobio"
"865","vsearch","VSEARCH","windermere_2017","WSH09",2,"esox_lucius, gasterosteus_aculeatus"
"866","vsearch","VSEARCH","windermere_2017","WSH13",1,"gasterosteus_aculeatus"
"867","vsearch","VSEARCH","windermere_2017","WSH15",1,"esox_lucius"
"868","vsearch","VSEARCH","windermere_2017","WSH17F1",3,"abramis_brama, cottus_gobio, salmo_trutta"
"869","vsearch","VSEARCH","windermere_2017","WSH18F1",2,"cottus_gobio, phoxinus_phoxinus"
"870","vsearch","VSEARCH","windermere_2017","WSH19F1",3,"barbatula_barbatula, cottus_gobio, rutilus_rutilus"
"871","vsearch","VSEARCH","windermere_2017","WSH20",1,"barbatula_barbatula"
"872","vsearch","VSEARCH","windermere_2017","WSH21",4,"barbatula_barbatula, cottus_gobio, rutilus_rutilus, salmo_trutta"
"873","vsearch","VSEARCH","windermere_2017","WSH23",2,"esox_lucius, salmo_trutta"
"874","vsearch","VSEARCH","windermere_2017","WSH24",3,"barbatula_barbatula, rutilus_rutilus, salmo_trutta"
"875","vsearch","VSEARCH","windermere_2017","WSH25",3,"anguilla_anguilla, barbatula_barbatula, esox_lucius"
"876","vsearch","VSEARCH","windermere_2017","WSH26",1,"salmo_trutta"
"877","vsearch","VSEARCH","windermere_2017","WSH28F1",1,"gasterosteus_aculeatus"
"878","vsearch","VSEARCH","windermere_2017","WSH31F1",1,"rutilus_rutilus"
"879","vsearch","VSEARCH","windermere_2017","WSH32F1",1,"abramis_brama"
"880","vsearch","VSEARCH","windermere_2017","WSH34F1",7,"abramis_brama, anguilla_anguilla, cottus_gobio, esox_lucius, phoxinus_phoxinus, rutilus_rutilus, salmo_trutta"
"881","vsearch","VSEARCH","windermere_2017","WSH35F1",6,"abramis_brama, anguilla_anguilla, barbatula_barbatula, cottus_gobio, esox_lucius, salmo_trutta"
"882","vsearch","VSEARCH","windermere_2017","WSH36",2,"anguilla_anguilla, phoxinus_phoxinus"
"883","vsearch","VSEARCH","windermere_2017","WSH37",4,"abramis_brama, anguilla_anguilla, cottus_gobio, esox_lucius"
"884","vsearch","VSEARCH","windermere_2017","WSH38",1,"phoxinus_phoxinus"
