"level","metric","denoise_method","taxonomy_method","dataset","total","unassigned","percent_unassigned"
"species","Reads","dada2","BLAST","marchamley",1616320,1587551,98.22
"species","Reads","dada2","BLAST","ringtrial_sean",2358024,498630,21.15
"species","Reads","dada2","BLAST","windermere_2017",594177,437847,73.69
"species","Reads","dada2","MAPseq","marchamley",1787599,1758739,98.39
"species","Reads","dada2","MAPseq","ringtrial_sean",2358411,496939,21.07
"species","Reads","dada2","MAPseq","windermere_2017",595503,433263,72.76
"species","Reads","dada2","RDP","marchamley",1787577,761521,42.6
"species","Reads","dada2","RDP","ringtrial_sean",2358411,486714,20.64
"species","Reads","dada2","RDP","windermere_2017",595503,232620,39.06
"species","Reads","metabeat","BLAST","marchamley",1338647,1313594,98.13
"species","Reads","metabeat","BLAST","ringtrial_sean",868522,192418,22.15
"species","Reads","metabeat","BLAST","windermere_2017",458860,337938,73.65
"species","Reads","metabeat","MAPseq","marchamley",1481432,1457559,98.39
"species","Reads","metabeat","MAPseq","ringtrial_sean",869902,192698,22.15
"species","Reads","metabeat","MAPseq","windermere_2017",460008,334740,72.77
"species","Reads","metabeat","MetaBEAT","marchamley",1336821,150920,11.29
"species","Reads","metabeat","MetaBEAT","ringtrial_sean",720691,53872,7.48
"species","Reads","metabeat","MetaBEAT","windermere_2017",457223,173060,37.85
"species","Reads","metabeat","RDP","marchamley",1357488,520532,38.35
"species","Reads","metabeat","RDP","ringtrial_sean",869199,188599,21.7
"species","Reads","metabeat","RDP","windermere_2017",459805,268784,58.46
"species","Reads","vsearch","BLAST","marchamley",1570339,1543006,98.26
"species","Reads","vsearch","BLAST","ringtrial_sean",2334074,494561,21.19
"species","Reads","vsearch","BLAST","windermere_2017",537801,394054,73.27
"species","Reads","vsearch","MAPseq","marchamley",1737094,1709695,98.42
"species","Reads","vsearch","MAPseq","ringtrial_sean",2334811,493394,21.13
"species","Reads","vsearch","MAPseq","windermere_2017",538727,389939,72.38
"species","Reads","vsearch","RDP","marchamley",1737094,711755,40.97
"species","Reads","vsearch","RDP","ringtrial_sean",2334811,483908,20.73
"species","Reads","vsearch","RDP","windermere_2017",538727,207134,38.45
"species","ASV","dada2","BLAST","marchamley",130,127,97.69
"species","ASV","metabeat","BLAST","marchamley",1074,1015,94.51
"species","ASV","vsearch","BLAST","marchamley",27,23,85.19
"species","ASV","dada2","MAPseq","marchamley",133,129,96.99
"species","ASV","metabeat","MAPseq","marchamley",1309,1266,96.72
"species","ASV","vsearch","MAPseq","marchamley",30,26,86.67
"species","ASV","metabeat","MetaBEAT","marchamley",1051,765,72.79
"species","ASV","dada2","RDP","marchamley",133,64,48.12
"species","ASV","metabeat","RDP","marchamley",1294,817,63.14
"species","ASV","vsearch","RDP","marchamley",30,20,66.67
"species","ASV","dada2","BLAST","ringtrial_sean",85,37,43.53
"species","ASV","metabeat","BLAST","ringtrial_sean",507,196,38.66
"species","ASV","vsearch","BLAST","ringtrial_sean",56,32,57.14
"species","ASV","dada2","MAPseq","ringtrial_sean",88,34,38.64
"species","ASV","metabeat","MAPseq","ringtrial_sean",557,252,45.24
"species","ASV","vsearch","MAPseq","ringtrial_sean",68,43,63.24
"species","ASV","metabeat","MetaBEAT","ringtrial_sean",356,57,16.01
"species","ASV","dada2","RDP","ringtrial_sean",88,34,38.64
"species","ASV","metabeat","RDP","ringtrial_sean",537,225,41.9
"species","ASV","vsearch","RDP","ringtrial_sean",68,42,61.76
"species","ASV","dada2","BLAST","windermere_2017",83,48,57.83
"species","ASV","metabeat","BLAST","windermere_2017",1552,1012,65.21
"species","ASV","vsearch","BLAST","windermere_2017",43,24,55.81
"species","ASV","dada2","MAPseq","windermere_2017",84,47,55.95
"species","ASV","metabeat","MAPseq","windermere_2017",1587,1023,64.46
"species","ASV","vsearch","MAPseq","windermere_2017",44,24,54.55
"species","ASV","metabeat","MetaBEAT","windermere_2017",1547,789,51
"species","ASV","dada2","RDP","windermere_2017",84,41,48.81
"species","ASV","metabeat","RDP","windermere_2017",1580,903,57.15
"species","ASV","vsearch","RDP","windermere_2017",44,18,40.91
"species","taxa","dada2","BLAST","marchamley",4,2,50
"species","taxa","metabeat","BLAST","marchamley",8,2,25
"species","taxa","vsearch","BLAST","marchamley",5,2,40
"species","taxa","dada2","MAPseq","marchamley",5,2,40
"species","taxa","metabeat","MAPseq","marchamley",6,2,33.33
"species","taxa","vsearch","MAPseq","marchamley",5,2,40
"species","taxa","metabeat","MetaBEAT","marchamley",16,3,18.75
"species","taxa","dada2","RDP","marchamley",9,2,22.22
"species","taxa","metabeat","RDP","marchamley",10,2,20
"species","taxa","vsearch","RDP","marchamley",9,2,22.22
"species","taxa","dada2","BLAST","ringtrial_sean",19,3,15.79
"species","taxa","metabeat","BLAST","ringtrial_sean",18,3,16.67
"species","taxa","vsearch","BLAST","ringtrial_sean",16,3,18.75
"species","taxa","dada2","MAPseq","ringtrial_sean",23,3,13.04
"species","taxa","metabeat","MAPseq","ringtrial_sean",20,3,15
"species","taxa","vsearch","MAPseq","ringtrial_sean",19,3,15.79
"species","taxa","metabeat","MetaBEAT","ringtrial_sean",14,1,7.14
"species","taxa","dada2","RDP","ringtrial_sean",24,4,16.67
"species","taxa","metabeat","RDP","ringtrial_sean",21,4,19.05
"species","taxa","vsearch","RDP","ringtrial_sean",19,4,21.05
"species","taxa","dada2","BLAST","windermere_2017",13,2,15.38
"species","taxa","metabeat","BLAST","windermere_2017",15,2,13.33
"species","taxa","vsearch","BLAST","windermere_2017",13,2,15.38
"species","taxa","dada2","MAPseq","windermere_2017",14,2,14.29
"species","taxa","metabeat","MAPseq","windermere_2017",15,2,13.33
"species","taxa","vsearch","MAPseq","windermere_2017",14,2,14.29
"species","taxa","metabeat","MetaBEAT","windermere_2017",22,2,9.09
"species","taxa","dada2","RDP","windermere_2017",17,3,17.65
"species","taxa","metabeat","RDP","windermere_2017",19,3,15.79
"species","taxa","vsearch","RDP","windermere_2017",19,3,15.79
"genus","Reads","dada2","BLAST","marchamley",1616320,1587460,98.21
"genus","Reads","dada2","BLAST","ringtrial_sean",2358024,179013,7.59
"genus","Reads","dada2","BLAST","windermere_2017",594177,437847,73.69
"genus","Reads","dada2","MAPseq","marchamley",1787599,1482950,82.96
"genus","Reads","dada2","MAPseq","ringtrial_sean",2358411,105137,4.46
"genus","Reads","dada2","MAPseq","windermere_2017",595503,426382,71.6
"genus","Reads","dada2","RDP","marchamley",1787577,761430,42.6
"genus","Reads","dada2","RDP","ringtrial_sean",2358411,108183,4.59
"genus","Reads","dada2","RDP","windermere_2017",595503,229287,38.5
"genus","Reads","metabeat","BLAST","marchamley",1338647,1313510,98.12
"genus","Reads","metabeat","BLAST","ringtrial_sean",868522,80714,9.29
"genus","Reads","metabeat","BLAST","windermere_2017",458860,337938,73.65
"genus","Reads","metabeat","MAPseq","marchamley",1481432,1230752,83.08
"genus","Reads","metabeat","MAPseq","ringtrial_sean",869902,54629,6.28
"genus","Reads","metabeat","MAPseq","windermere_2017",460008,329097,71.54
"genus","Reads","metabeat","MetaBEAT","marchamley",1336821,150855,11.28
"genus","Reads","metabeat","MetaBEAT","ringtrial_sean",720691,33598,4.66
"genus","Reads","metabeat","MetaBEAT","windermere_2017",457223,170829,37.36
"genus","Reads","metabeat","RDP","marchamley",1357488,520447,38.34
"genus","Reads","metabeat","RDP","ringtrial_sean",869199,54345,6.25
"genus","Reads","metabeat","RDP","windermere_2017",459805,266388,57.93
"genus","Reads","vsearch","BLAST","marchamley",1570339,1542918,98.25
"genus","Reads","vsearch","BLAST","ringtrial_sean",2334074,176289,7.55
"genus","Reads","vsearch","BLAST","windermere_2017",537801,394054,73.27
"genus","Reads","vsearch","MAPseq","marchamley",1737094,1440476,82.92
"genus","Reads","vsearch","MAPseq","ringtrial_sean",2334811,104280,4.47
"genus","Reads","vsearch","MAPseq","windermere_2017",538727,383906,71.26
"genus","Reads","vsearch","RDP","marchamley",1737094,711667,40.97
"genus","Reads","vsearch","RDP","ringtrial_sean",2334811,107844,4.62
"genus","Reads","vsearch","RDP","windermere_2017",538727,204195,37.9
"genus","ASV","dada2","BLAST","marchamley",130,126,96.92
"genus","ASV","metabeat","BLAST","marchamley",1074,1013,94.32
"genus","ASV","vsearch","BLAST","marchamley",27,22,81.48
"genus","ASV","dada2","MAPseq","marchamley",133,112,84.21
"genus","ASV","metabeat","MAPseq","marchamley",1309,1078,82.35
"genus","ASV","vsearch","MAPseq","marchamley",30,23,76.67
"genus","ASV","metabeat","MetaBEAT","marchamley",1051,764,72.69
"genus","ASV","dada2","RDP","marchamley",133,63,47.37
"genus","ASV","metabeat","RDP","marchamley",1294,815,62.98
"genus","ASV","vsearch","RDP","marchamley",30,19,63.33
"genus","ASV","dada2","BLAST","ringtrial_sean",85,27,31.76
"genus","ASV","metabeat","BLAST","ringtrial_sean",507,84,16.57
"genus","ASV","vsearch","BLAST","ringtrial_sean",56,26,46.43
"genus","ASV","dada2","MAPseq","ringtrial_sean",88,24,27.27
"genus","ASV","metabeat","MAPseq","ringtrial_sean",557,118,21.18
"genus","ASV","vsearch","MAPseq","ringtrial_sean",68,33,48.53
"genus","ASV","metabeat","MetaBEAT","ringtrial_sean",356,45,12.64
"genus","ASV","dada2","RDP","ringtrial_sean",88,21,23.86
"genus","ASV","metabeat","RDP","ringtrial_sean",537,113,21.04
"genus","ASV","vsearch","RDP","ringtrial_sean",68,33,48.53
"genus","ASV","dada2","BLAST","windermere_2017",83,48,57.83
"genus","ASV","metabeat","BLAST","windermere_2017",1552,1012,65.21
"genus","ASV","vsearch","BLAST","windermere_2017",43,24,55.81
"genus","ASV","dada2","MAPseq","windermere_2017",84,40,47.62
"genus","ASV","metabeat","MAPseq","windermere_2017",1587,983,61.94
"genus","ASV","vsearch","MAPseq","windermere_2017",44,17,38.64
"genus","ASV","metabeat","MetaBEAT","windermere_2017",1547,784,50.68
"genus","ASV","dada2","RDP","windermere_2017",84,37,44.05
"genus","ASV","metabeat","RDP","windermere_2017",1580,872,55.19
"genus","ASV","vsearch","RDP","windermere_2017",44,14,31.82
"genus","taxa","dada2","BLAST","marchamley",5,2,40
"genus","taxa","metabeat","BLAST","marchamley",9,2,22.22
"genus","taxa","vsearch","BLAST","marchamley",6,2,33.33
"genus","taxa","dada2","MAPseq","marchamley",6,2,33.33
"genus","taxa","metabeat","MAPseq","marchamley",7,2,28.57
"genus","taxa","vsearch","MAPseq","marchamley",6,2,33.33
"genus","taxa","metabeat","MetaBEAT","marchamley",16,2,12.5
"genus","taxa","dada2","RDP","marchamley",10,2,20
"genus","taxa","metabeat","RDP","marchamley",11,2,18.18
"genus","taxa","vsearch","RDP","marchamley",10,2,20
"genus","taxa","dada2","BLAST","ringtrial_sean",23,3,13.04
"genus","taxa","metabeat","BLAST","ringtrial_sean",21,3,14.29
"genus","taxa","vsearch","BLAST","ringtrial_sean",19,3,15.79
"genus","taxa","dada2","MAPseq","ringtrial_sean",26,3,11.54
"genus","taxa","metabeat","MAPseq","ringtrial_sean",22,3,13.64
"genus","taxa","vsearch","MAPseq","ringtrial_sean",22,3,13.64
"genus","taxa","metabeat","MetaBEAT","ringtrial_sean",14,1,7.14
"genus","taxa","dada2","RDP","ringtrial_sean",27,3,11.11
"genus","taxa","metabeat","RDP","ringtrial_sean",23,3,13.04
"genus","taxa","vsearch","RDP","ringtrial_sean",22,3,13.64
"genus","taxa","dada2","BLAST","windermere_2017",13,2,15.38
"genus","taxa","metabeat","BLAST","windermere_2017",15,2,13.33
"genus","taxa","vsearch","BLAST","windermere_2017",13,2,15.38
"genus","taxa","dada2","MAPseq","windermere_2017",19,2,10.53
"genus","taxa","metabeat","MAPseq","windermere_2017",19,2,10.53
"genus","taxa","vsearch","MAPseq","windermere_2017",19,2,10.53
"genus","taxa","metabeat","MetaBEAT","windermere_2017",23,1,4.35
"genus","taxa","dada2","RDP","windermere_2017",17,2,11.76
"genus","taxa","metabeat","RDP","windermere_2017",19,2,10.53
"genus","taxa","vsearch","RDP","windermere_2017",19,2,10.53
"family","Reads","dada2","BLAST","marchamley",1616320,433253,26.8
"family","Reads","dada2","BLAST","ringtrial_sean",2358024,5715,0.24
"family","Reads","dada2","BLAST","windermere_2017",594177,151086,25.43
"family","Reads","dada2","MAPseq","marchamley",1787599,179513,10.04
"family","Reads","dada2","MAPseq","ringtrial_sean",2358411,1818,0.08
"family","Reads","dada2","MAPseq","windermere_2017",595503,1546,0.26
"family","Reads","dada2","RDP","marchamley",1787577,433875,24.27
"family","Reads","dada2","RDP","ringtrial_sean",2358411,1448,0.06
"family","Reads","dada2","RDP","windermere_2017",595503,1924,0.32
"family","Reads","metabeat","BLAST","marchamley",1338647,355033,26.52
"family","Reads","metabeat","BLAST","ringtrial_sean",868522,2298,0.26
"family","Reads","metabeat","BLAST","windermere_2017",458860,115967,25.27
"family","Reads","metabeat","MAPseq","marchamley",1481432,152053,10.26
"family","Reads","metabeat","MAPseq","ringtrial_sean",869902,1601,0.18
"family","Reads","metabeat","MAPseq","windermere_2017",460008,16466,3.58
"family","Reads","metabeat","MetaBEAT","marchamley",1336821,NA,NA
"family","Reads","metabeat","MetaBEAT","ringtrial_sean",720691,3,0
"family","Reads","metabeat","MetaBEAT","windermere_2017",457223,NA,NA
"family","Reads","metabeat","RDP","marchamley",1357488,235038,17.31
"family","Reads","metabeat","RDP","ringtrial_sean",869199,1228,0.14
"family","Reads","metabeat","RDP","windermere_2017",459805,1878,0.41
"family","Reads","vsearch","BLAST","marchamley",1570339,416052,26.49
"family","Reads","vsearch","BLAST","ringtrial_sean",2334074,6528,0.28
"family","Reads","vsearch","BLAST","windermere_2017",537801,138626,25.78
"family","Reads","vsearch","MAPseq","marchamley",1737094,170206,9.8
"family","Reads","vsearch","MAPseq","ringtrial_sean",2334811,2471,0.11
"family","Reads","vsearch","MAPseq","windermere_2017",538727,1049,0.19
"family","Reads","vsearch","RDP","marchamley",1737094,419654,24.16
"family","Reads","vsearch","RDP","ringtrial_sean",2334811,1782,0.08
"family","Reads","vsearch","RDP","windermere_2017",538727,1440,0.27
"family","ASV","dada2","BLAST","marchamley",130,39,30
"family","ASV","metabeat","BLAST","marchamley",1074,325,30.26
"family","ASV","vsearch","BLAST","marchamley",27,7,25.93
"family","ASV","dada2","MAPseq","marchamley",133,6,4.51
"family","ASV","metabeat","MAPseq","marchamley",1309,269,20.55
"family","ASV","vsearch","MAPseq","marchamley",30,4,13.33
"family","ASV","metabeat","MetaBEAT","marchamley",1051,0,0
"family","ASV","dada2","RDP","marchamley",133,26,19.55
"family","ASV","metabeat","RDP","marchamley",1294,408,31.53
"family","ASV","vsearch","RDP","marchamley",30,4,13.33
"family","ASV","dada2","BLAST","ringtrial_sean",85,9,10.59
"family","ASV","metabeat","BLAST","ringtrial_sean",507,21,4.14
"family","ASV","vsearch","BLAST","ringtrial_sean",56,15,26.79
"family","ASV","dada2","MAPseq","ringtrial_sean",88,9,10.23
"family","ASV","metabeat","MAPseq","ringtrial_sean",557,30,5.39
"family","ASV","vsearch","MAPseq","ringtrial_sean",68,15,22.06
"family","ASV","metabeat","MetaBEAT","ringtrial_sean",356,1,0.28
"family","ASV","dada2","RDP","ringtrial_sean",88,7,7.95
"family","ASV","metabeat","RDP","ringtrial_sean",537,45,8.38
"family","ASV","vsearch","RDP","ringtrial_sean",68,18,26.47
"family","ASV","dada2","BLAST","windermere_2017",83,18,21.69
"family","ASV","metabeat","BLAST","windermere_2017",1552,331,21.33
"family","ASV","vsearch","BLAST","windermere_2017",43,5,11.63
"family","ASV","dada2","MAPseq","windermere_2017",84,6,7.14
"family","ASV","metabeat","MAPseq","windermere_2017",1587,63,3.97
"family","ASV","vsearch","MAPseq","windermere_2017",44,2,4.55
"family","ASV","metabeat","MetaBEAT","windermere_2017",1547,0,0
"family","ASV","dada2","RDP","windermere_2017",84,4,4.76
"family","ASV","metabeat","RDP","windermere_2017",1580,43,2.72
"family","ASV","vsearch","RDP","windermere_2017",44,3,6.82
"family","taxa","dada2","BLAST","marchamley",6,1,16.67
"family","taxa","metabeat","BLAST","marchamley",7,1,14.29
"family","taxa","vsearch","BLAST","marchamley",6,1,16.67
"family","taxa","dada2","MAPseq","marchamley",8,1,12.5
"family","taxa","metabeat","MAPseq","marchamley",8,1,12.5
"family","taxa","vsearch","MAPseq","marchamley",8,1,12.5
"family","taxa","metabeat","MetaBEAT","marchamley",6,0,0
"family","taxa","dada2","RDP","marchamley",6,1,16.67
"family","taxa","metabeat","RDP","marchamley",7,1,14.29
"family","taxa","vsearch","RDP","marchamley",6,1,16.67
"family","taxa","dada2","BLAST","ringtrial_sean",24,1,4.17
"family","taxa","metabeat","BLAST","ringtrial_sean",21,1,4.76
"family","taxa","vsearch","BLAST","ringtrial_sean",20,1,5
"family","taxa","dada2","MAPseq","ringtrial_sean",25,1,4
"family","taxa","metabeat","MAPseq","ringtrial_sean",22,1,4.55
"family","taxa","vsearch","MAPseq","ringtrial_sean",21,1,4.76
"family","taxa","metabeat","MetaBEAT","ringtrial_sean",11,1,9.09
"family","taxa","dada2","RDP","ringtrial_sean",25,1,4
"family","taxa","metabeat","RDP","ringtrial_sean",22,1,4.55
"family","taxa","vsearch","RDP","ringtrial_sean",21,1,4.76
"family","taxa","dada2","BLAST","windermere_2017",15,1,6.67
"family","taxa","metabeat","BLAST","windermere_2017",15,1,6.67
"family","taxa","vsearch","BLAST","windermere_2017",15,1,6.67
"family","taxa","dada2","MAPseq","windermere_2017",16,1,6.25
"family","taxa","metabeat","MAPseq","windermere_2017",16,1,6.25
"family","taxa","vsearch","MAPseq","windermere_2017",16,1,6.25
"family","taxa","metabeat","MetaBEAT","windermere_2017",12,0,0
"family","taxa","dada2","RDP","windermere_2017",15,1,6.67
"family","taxa","metabeat","RDP","windermere_2017",16,1,6.25
"family","taxa","vsearch","RDP","windermere_2017",15,1,6.67
